name,state,city,category,rating,entry_fee,visit_duration,best_time,id,image_url,latitude,longitude,activities,hidden_gems,nearest_airport,nearest_railway,cuisine,safety_rating,search_tags
India Gate,Delhi,Delhi,War Memorial,4.6,0.0,0.5,Evening,india_gate_delhi_delhi,https://upload.wikimedia.org/wikipedia/commons/thumb/9/99/India_Gate_on_the_evening_of_77th_Independence_day.jpg/640px-India_Gate_on_the_evening_of_77th_Independence_day.jpg,28.614239,77.23296,,,,,,8.0,"['delhi', 'evening', 'india gate', 'war memorial']"
Humayun's Tomb,Delhi,Delhi,Tomb,4.5,30.0,2.0,Afternoon,humayun_s_tomb_delhi_delhi,https://whc.unesco.org/uploads/thumbs/site_0232_0005-750-750-20210425155601.jpg,28.593539,77.245904,,,,,,8.0,"['afternoon', 'delhi', ""humayun's tomb"", 'tomb']"
Akshardham Temple,Delhi,Delhi,Temple,4.6,60.0,5.0,Afternoon,akshardham__delhi_delhi,https://i0.wp.com/singhruby.com/wp-content/uploads/2016/01/akshardham_facts_and_figure_banner.jpg,,,,,,,,8.0,"['afternoon', 'akshardham temple', 'delhi', 'temple']"
Waste to Wonder Park,Delhi,Delhi,Theme Park,4.1,50.0,2.0,Evening,waste_to_wonder__delhi_delhi,https://dynamic-media-cdn.tripadvisor.com/media/photo-o/16/aa/20/2c/made-by-cupboard-sheets.jpg?w=1200&h=-1&s=1,,,,,,,,8.0,"['delhi', 'evening', 'theme park', 'waste to wonder park']"
Jantar Mantar,Delhi,Delhi,Observatory,4.2,15.0,2.0,Morning,jantar_mantar_delhi_delhi,https://upload.wikimedia.org/wikipedia/commons/b/b8/Jantar_Mantar%2C_New_Delhi_%28Misra_Yantra%29.jpg,26.924562,75.82415900000001,,,,,,8.0,"['delhi', 'jantar mantar', 'morning', 'observatory']"
Chandni Chowk,Delhi,Delhi,Market,4.2,0.0,3.0,Afternoon,chandni_chowk_delhi_delhi,"https://media.cnn.com/api/v1/images/stellar/prod/gurudwara-sis-ganj-and-the-golden-mosque-next-to-it.jpg?c=16x9&q=h_833,w_1480,c_fill",,,,,,,,8.0,"['afternoon', 'chandni chowk', 'delhi', 'market']"
Lotus Temple,Delhi,Delhi,Temple,4.5,0.0,1.0,Evening,lotus__delhi_delhi,https://upload.wikimedia.org/wikipedia/commons/thumb/f/fc/LotusDelhi.jpg/800px-LotusDelhi.jpg,28.550959,77.25966299999999,,,,,,8.0,"['delhi', 'evening', 'lotus temple', 'temple']"
Red Fort,Delhi,Delhi,Fort,4.5,35.0,2.0,Afternoon,red__delhi_delhi,https://cdn.britannica.com/20/189820-050-D650A54D/Red-Fort-Old-Delhi-India.jpg,28.65386,77.243152,,,,,,8.0,"['afternoon', 'delhi', 'fort', 'red fort']"
Agrasen ki Baoli,Delhi,Delhi,Stepwell,4.2,0.0,1.0,Afternoon,agrasen_ki_baoli_delhi_delhi,https://upload.wikimedia.org/wikipedia/commons/thumb/c/cc/Agrasen_ki_Baoli%2C_New_Delhi%2C_India_-_20070127.jpg/800px-Agrasen_ki_Baoli%2C_New_Delhi%2C_India_-_20070127.jpg,,,,,,,,8.0,"['afternoon', 'agrasen ki baoli', 'delhi', 'stepwell']"
Sunder Nursery,Delhi,Delhi,Park,4.6,0.0,2.0,Afternoon,sunder_nursery_delhi_delhi,https://upload.wikimedia.org/wikipedia/commons/thumb/0/0d/Sunder_Nursery_Sep-2019.jpg/1200px-Sunder_Nursery_Sep-2019.jpg,,,,,,,,8.0,"['afternoon', 'delhi', 'park', 'sunder nursery']"
Garden of Five Senses,Delhi,Delhi,Park,4.1,35.0,2.0,Morning,of_five_senses_delhi_delhi,https://dynamic-media-cdn.tripadvisor.com/media/photo-o/15/32/8b/e9/nipunsagarofficial-5.jpg?w=1200&h=-1&s=1,,,,,,,,8.0,"['delhi', 'garden of five senses', 'morning', 'park']"
Lodhi Garden,Delhi,Delhi,Park,4.5,0.0,1.0,All,lodhi__delhi_delhi,https://dynamic-media-cdn.tripadvisor.com/media/photo-o/06/14/cf/80/lodi-gardens.jpg?w=1200&h=1200&s=1,,,,,,,,8.0,"['all', 'delhi', 'lodhi garden', 'park']"
National Gallery of Modern Art,Delhi,Delhi,Museum,4.5,20.0,3.0,All,gallery_of_modern_art_delhi_delhi,https://upload.wikimedia.org/wikipedia/commons/3/31/Jaipur_House_Delhi.jpg,,,,,,,,8.0,"['all', 'delhi', 'museum', 'national gallery of modern art']"
National Zoological Park ,Delhi,Delhi,Zoo,4.1,80.0,3.0,All,zoological__delhi_delhi,https://placehold.co/800x600/png?text=Voyara,,,,,,,,8.0,"['all', 'delhi', 'national zoological park', 'zoo']"
Qutub Minar,Delhi,Delhi,Monument,4.5,35.0,1.0,Afternoon,qutub_minar_delhi_delhi,https://upload.wikimedia.org/wikipedia/commons/thumb/c/c0/Qutb_Minar_2011.jpg/200px-Qutb_Minar_2011.jpg,28.529206,77.183741,,,,,,8.0,"['afternoon', 'delhi', 'monument', 'qutub minar']"
National Science Centre,Delhi,Delhi,Science,4.4,70.0,5.0,All,science_centre_delhi_delhi,https://dynamic-media-cdn.tripadvisor.com/media/photo-o/0e/a7/60/38/nice-experience.jpg?w=1200&h=1200&s=1,,,,,,,,8.0,"['all', 'delhi', 'national science centre', 'science']"
Marine Drive,Maharastra,Mumbai,Promenade,4.5,0.0,2.0,Evening,marine_drive_mumbai_maharastra,https://upload.wikimedia.org/wikipedia/commons/thumb/d/d6/Marine_Drive_Skyline.jpg/800px-Marine_Drive_Skyline.jpg,18.942602,72.825784,,,,,,8.0,"['evening', 'maharastra', 'marine drive', 'mumbai', 'promenade']"
Gateway of India,Maharastra,Mumbai,Monument,4.6,0.0,1.0,All,gateway_of_india_mumbai_maharastra,https://upload.wikimedia.org/wikipedia/commons/thumb/3/3a/Mumbai_03-2016_30_Gateway_of_India.jpg/800px-Mumbai_03-2016_30_Gateway_of_India.jpg,18.925633,72.830925,,,,,,8.0,"['all', 'gateway of india', 'maharastra', 'monument', 'mumbai']"
Chhatrapati Shivaji Maharaj Vastu Sangrahalaya,Maharastra,Mumbai,Museum,4.6,500.0,1.0,All,chhatrapati_shivaji_maharaj_vastu_sangrahalaya_mumbai_maharastra,https://upload.wikimedia.org/wikipedia/commons/7/79/Chhatrapati_Shivaji_Maharaj_Vastu_Sangrahalaya.jpg,,,,,,,,8.0,"['all', 'chhatrapati shivaji maharaj vastu sangrahalaya', 'maharastra', 'mumbai', 'museum']"
Sanjay Gandhi National Park,Maharastra,Mumbai,National Park,4.3,50.0,3.0,All,sanjay_gandhi__mumbai_maharastra,https://upload.wikimedia.org/wikipedia/commons/thumb/3/30/Entrance_of_Sanjay_Gandhi_National_Park.JPG/284px-Entrance_of_Sanjay_Gandhi_National_Park.JPG,,,,,,,,8.0,"['all', 'maharastra', 'mumbai', 'national park', 'sanjay gandhi national park']"
Siddhivinayak Temple,Maharastra,Mumbai,Temple,4.8,0.0,2.0,All,siddhivinayak__mumbai_maharastra,https://upload.wikimedia.org/wikipedia/commons/b/b9/Shree_Siddhivinayak_Temple_Mumbai.jpg,19.012271,72.831294,,,,,,8.0,"['all', 'maharastra', 'mumbai', 'siddhivinayak temple', 'temple']"
Mahalaxmi Temple,Maharastra,Mumbai,Temple,4.7,0.0,1.0,All,mahalaxmi__mumbai_maharastra,https://upload.wikimedia.org/wikipedia/commons/5/53/Mahalaxmi_Temple%2C_Kolhapur.jpg,,,,,,,,8.0,"['all', 'mahalaxmi temple', 'maharastra', 'mumbai', 'temple']"
Haji Ali Dargah,Maharastra,Mumbai,Religious Shrine,4.4,0.0,2.0,All,haji_ali_dargah_mumbai_maharastra,https://upload.wikimedia.org/wikipedia/commons/c/ca/Mumbai_03-2016_12_Haji_Ali_Dargah.jpg,,,,,,,,8.0,"['all', 'haji ali dargah', 'maharastra', 'mumbai', 'religious shrine']"
Chowpatty Beach,Maharastra,Mumbai,Beach,4.3,0.0,2.0,Evening,chowpatty__mumbai_maharastra,https://media.tacdn.com/media/attractions-splice-spp-674x446/0b/18/a0/dc.jpg,,,,,,,,8.0,"['beach', 'chowpatty beach', 'evening', 'maharastra', 'mumbai']"
Essel World,Maharastra,Mumbai,Amusement Park,4.3,1149.0,5.0,All,essel_world_mumbai_maharastra,https://upload.wikimedia.org/wikipedia/commons/thumb/9/9b/Thunder%2C_Esselworld.jpg/1200px-Thunder%2C_Esselworld.jpg,,,,,,,,8.0,"['all', 'amusement park', 'essel world', 'maharastra', 'mumbai']"
Elephanta Caves,Maharastra,Mumbai,Monument,4.3,550.0,4.0,All ,elephanta_caves_mumbai_maharastra,https://whc.unesco.org/uploads/thumbs/site_0244_0004-750-750-20100705114254.jpg,18.96082,72.934038,,,,,,8.0,"['all', 'elephanta caves', 'maharastra', 'monument', 'mumbai']"
Imagicaa,Maharastra,Lonavala,Amusement Park,1.4,1149.0,5.0,All,imagicaa_lonavala_maharastra,https://upload.wikimedia.org/wikipedia/commons/thumb/3/39/Adlabs_Imagica_2013_%2810364145606%29.jpg/1200px-Adlabs_Imagica_2013_%2810364145606%29.jpg,,,,,,,,8.0,"['all', 'amusement park', 'imagicaa', 'lonavala', 'maharastra']"
Bangalore Palace,Karnataka,Bangalore,Palace,4.2,500.0,2.0,Morning,bangalore__bangalore_karnataka,https://upload.wikimedia.org/wikipedia/commons/8/8f/Bangalore_Mysore_Maharaja_Palace.jpg,,,,,,,,8.0,"['bangalore', 'bangalore palace', 'karnataka', 'morning', 'palace']"
Lalbagh Botanical Garden,Karnataka,Bangalore,Botanical Garden,4.4,20.0,1.5,Evening,lalbagh_botanical__bangalore_karnataka,https://upload.wikimedia.org/wikipedia/commons/d/d5/Glasshouse_and_fountain_at_lalbagh.jpg,,,,,,,,8.0,"['bangalore', 'botanical garden', 'evening', 'karnataka', 'lalbagh botanical garden']"
Cubbon Park,Karnataka,Bangalore,Park,4.4,0.0,1.0,Morning,cubbon__bangalore_karnataka,https://travelsetu.com/apps/uploads/new_destinations_photos/destination/2023/12/22/b22be5abb14d39eb918bf2f3e91af4de_1000x1000.jpg,,,,,,,,8.0,"['bangalore', 'cubbon park', 'karnataka', 'morning', 'park']"
Vidhana Soudha,Karnataka,Bangalore,Government Building,4.6,0.0,0.5,Morning,vidhana_soudha_bangalore_karnataka,https://upload.wikimedia.org/wikipedia/commons/1/11/Vidhana_Soudha%2C_14_February_2022_-_cropped.jpg,,,,,,,,8.0,"['bangalore', 'government building', 'karnataka', 'morning', 'vidhana soudha']"
ISKCON Temple Bangalore,Karnataka,Bangalore,Temple,4.6,0.0,1.0,Evening,iskcon_bangalore_bangalore_karnataka,https://upload.wikimedia.org/wikipedia/commons/1/11/ISKCON_Banglaore_Temple.jpg,,,,,,,,8.0,"['bangalore', 'evening', 'iskcon temple bangalore', 'karnataka', 'temple']"
Charminar,Telangana,Hyderabad,Landmark,4.5,25.0,1.0,Morning,charminar_hyderabad_telangana,https://upload.wikimedia.org/wikipedia/commons/thumb/7/71/Charminar_Hyderabad_1.jpg/800px-Charminar_Hyderabad_1.jpg,17.360744,78.472798,,,,,,8.0,"['charminar', 'hyderabad', 'landmark', 'morning', 'telangana']"
Golconda Fort,Telangana,Hyderabad,Fort,4.4,30.0,2.0,Morning,golconda__hyderabad_telangana,https://upload.wikimedia.org/wikipedia/commons/5/56/Golconda_Fort_005.jpg,17.378498999999998,78.405322,,,,,,8.0,"['fort', 'golconda fort', 'hyderabad', 'morning', 'telangana']"
Hussain Sagar Lake,Telangana,Hyderabad,Lake,4.3,0.0,1.0,Evening,hussain_sagar__hyderabad_telangana,https://upload.wikimedia.org/wikipedia/commons/thumb/8/8a/Buddha_statue_11102016.jpg/270px-Buddha_statue_11102016.jpg,17.427042,78.471896,,,,,,8.0,"['evening', 'hussain sagar lake', 'hyderabad', 'lake', 'telangana']"
Ramoji Film City,Telangana,Hyderabad,Film Studio,4.4,1150.0,4.0,All,ramoji_film_city_hyderabad_telangana,https://upload.wikimedia.org/wikipedia/commons/thumb/d/d1/Ramoji_Film_City.jpg/800px-Ramoji_Film_City.jpg,17.254139000000002,78.679795,,,,,,8.0,"['all', 'film studio', 'hyderabad', 'ramoji film city', 'telangana']"
Salar Jung Museum,Telangana,Hyderabad,Museum,4.4,20.0,2.0,All,salar_jung__hyderabad_telangana,https://upload.wikimedia.org/wikipedia/commons/thumb/a/ac/Salar_Jung_Museum%2C_Hyderabad%2C_India.jpg/800px-Salar_Jung_Museum%2C_Hyderabad%2C_India.jpg,17.372368,78.48259300000001,,,,,,8.0,"['all', 'hyderabad', 'museum', 'salar jung museum', 'telangana']"
Qutb Shahi Tombs,Telangana,Hyderabad,Tombs,4.4,25.0,1.0,Morning,qutb_shahi_tombs_hyderabad_telangana,https://upload.wikimedia.org/wikipedia/commons/0/08/Qutb_Shahi_Tomb_5.jpg,,,,,,,,8.0,"['hyderabad', 'morning', 'qutb shahi tombs', 'telangana', 'tombs']"
Birla Mandir,Telangana,Hyderabad,Temple,4.7,0.0,1.0,All,birla_mandir_hyderabad_telangana,https://upload.wikimedia.org/wikipedia/commons/3/3c/Birla_Mandir%2C_Hyderabad.png,17.410318999999998,78.47276099999999,,,,,,8.0,"['all', 'birla mandir', 'hyderabad', 'telangana', 'temple']"
Chowmahalla Palace,Telangana,Hyderabad,Palace,4.4,80.0,1.5,Morning,chowmahalla__hyderabad_telangana,https://upload.wikimedia.org/wikipedia/commons/thumb/c/ce/Chowmahalla_Palace_01.jpg/800px-Chowmahalla_Palace_01.jpg,,,,,,,,8.0,"['chowmahalla palace', 'hyderabad', 'morning', 'palace', 'telangana']"
Nehru Zoological Park,Telangana,Hyderabad,Zoo,4.2,50.0,3.0,Morning,nehru_zoological__hyderabad_telangana,https://dynamic-media-cdn.tripadvisor.com/media/photo-o/09/51/16/34/nehru-zoological-park.jpg?w=1200&h=-1&s=1,,,,,,,,8.0,"['hyderabad', 'morning', 'nehru zoological park', 'telangana', 'zoo']"
Lumbini Park,Telangana,Hyderabad,Park,4.1,20.0,1.0,Evening,lumbini__hyderabad_telangana,https://upload.wikimedia.org/wikipedia/commons/c/c2/Lumbini_Park%2C_Hyderabad.jpg,,,,,,,,8.0,"['evening', 'hyderabad', 'lumbini park', 'park', 'telangana']"
Victoria Memorial,West Bengal,Kolkata,Museum,4.6,30.0,1.5,Morning,victoria__kolkata_west_bengal,https://upload.wikimedia.org/wikipedia/commons/7/72/Victoria_Memorial_situated_in_Kolkata.jpg,22.547106,88.342383,,,,,,8.0,"['kolkata', 'morning', 'museum', 'victoria memorial', 'west bengal']"
Howrah Bridge,West Bengal,Kolkata,Bridge,4.6,0.0,0.5,Anytime,howrah_bridge_kolkata_west_bengal,https://upload.wikimedia.org/wikipedia/commons/thumb/c/cb/Howrah_bridge_at_night.jpg/1200px-Howrah_bridge_at_night.jpg,22.581638,88.34674,,,,,,8.0,"['anytime', 'bridge', 'howrah bridge', 'kolkata', 'west bengal']"
Indian Museum,West Bengal,Kolkata,Museum,4.6,50.0,2.0,Morning,indian__kolkata_west_bengal,https://upload.wikimedia.org/wikipedia/commons/8/8c/Indian_Museum%2C_Courtyard%2C_Kolkata%2C_India.jpg,22.55751,88.347181,,,,,,8.0,"['indian museum', 'kolkata', 'morning', 'museum', 'west bengal']"
Dakshineswar Kali Temple,West Bengal,Kolkata,Temple,4.7,0.0,1.0,Morning,dakshineswar_kali__kolkata_west_bengal,https://upload.wikimedia.org/wikipedia/commons/thumb/3/32/Dakhineshwar_Temple_beside_the_Hoogly%2C_West_Bengal.JPG/800px-Dakhineshwar_Temple_beside_the_Hoogly%2C_West_Bengal.JPG,22.652717000000003,88.357951,,,,,,8.0,"['dakshineswar kali temple', 'kolkata', 'morning', 'temple', 'west bengal']"
Kalighat Kali Temple,West Bengal,Kolkata,Temple,4.4,0.0,1.0,Morning,kalighat_kali__kolkata_west_bengal,https://www.templepurohit.com/wp-content/uploads/2015/01/Kalighat-Kali-Temple-Kolkata.jpg,,,,,,,,8.0,"['kalighat kali temple', 'kolkata', 'morning', 'temple', 'west bengal']"
Eden Gardens,West Bengal,Kolkata,Cricket Ground,4.1,2500.0,3.0,All,eden_s_kolkata_west_bengal,https://upload.wikimedia.org/wikipedia/commons/7/73/%E0%A6%87%E0%A6%A1%E0%A7%87%E0%A6%A8_%E0%A6%97%E0%A6%BE%E0%A6%B0%E0%A7%8D%E0%A6%A1%E0%A7%87%E0%A6%A8%E0%A7%87_%E0%A6%AC%E0%A6%BE%E0%A6%82%E0%A6%B2%E0%A6%BE%E0%A6%A6%E0%A7%87%E0%A6%B6_%E0%A6%93_%E0%A6%AA%E0%A6%BE%E0%A6%95%E0%A6%BF%E0%A6%B8%E0%A7%8D%E0%A6%A4%E0%A6%BE%E0%A6%A8%E0%A7%87%E0%A6%B0_%E0%A6%96%E0%A7%87%E0%A6%B2%E0%A6%BE_%E0%A7%AB.jpg,,,,,,,,8.0,"['all', 'cricket ground', 'eden gardens', 'kolkata', 'west bengal']"
Alipore Zoological Gardens,West Bengal,Kolkata,Zoo,4.3,25.0,2.0,Afternoon,alipore_zoological_s_kolkata_west_bengal,https://www.getbengal.com/uploads/story_image/Alipore-Zoo-Born.jpg,,,,,,,,8.0,"['afternoon', 'alipore zoological gardens', 'kolkata', 'west bengal', 'zoo']"
Science City Kolkata,West Bengal,Kolkata,Science,4.4,60.0,3.0,All,science_city_kolkata_kolkata_west_bengal,https://upload.wikimedia.org/wikipedia/commons/0/03/Science_City_Kolkata_4643.JPG,,,,,,,,8.0,"['all', 'kolkata', 'science', 'science city kolkata', 'west bengal']"
Belur Math,West Bengal,Kolkata,Site,4.7,0.0,1.5,Morning,belur_math_kolkata_west_bengal,https://upload.wikimedia.org/wikipedia/commons/thumb/8/81/Belur_Math%2C_Howrah.jpg/1200px-Belur_Math%2C_Howrah.jpg,,,,,,,,8.0,"['belur math', 'kolkata', 'morning', 'site', 'west bengal']"
Marble Palace,West Bengal,Kolkata,Palace,4.4,0.0,1.0,Afternoon,marble__kolkata_west_bengal,https://upload.wikimedia.org/wikipedia/commons/thumb/8/84/Marble_Palace-_Kolkata-_West_Bengal-_DSC_0006.jpg/1200px-Marble_Palace-_Kolkata-_West_Bengal-_DSC_0006.jpg,,,,,,,,8.0,"['afternoon', 'kolkata', 'marble palace', 'palace', 'west bengal']"
Calangute Beach,Goa,Goa,Beach,4.4,0.0,2.0,Evening,calangute__goa_goa,https://s7ap1.scene7.com/is/image/incredibleindia/calangute-beach-goa-7-musthead-hero?qlt=82&ts=1726735078814,,,,,,,,8.0,"['beach', 'calangute beach', 'evening', 'goa']"
Basilica of Bom Jesus,Goa,Goa,Church,4.5,0.0,1.0,Afternoon,basilica_of_bom_jesus_goa_goa,https://upload.wikimedia.org/wikipedia/commons/thumb/9/9b/Basilica_of_bom_jesus_-_Front_View.jpg/1200px-Basilica_of_bom_jesus_-_Front_View.jpg,,,,,,,,8.0,"['afternoon', 'basilica of bom jesus', 'church', 'goa']"
Fort Aguada,Goa,Goa,Fort,4.2,0.0,1.5,Morning,aguada_goa_goa,https://dynamic-media-cdn.tripadvisor.com/media/photo-o/0b/30/bd/4c/photo2jpg.jpg?w=1200&h=-1&s=1,,,,,,,,8.0,"['fort', 'fort aguada', 'goa', 'morning']"
Dudhsagar Falls,Goa,Goa,Waterfall,4.6,500.0,3.0,Afternoon,dudhsagar__goa_goa,https://upload.wikimedia.org/wikipedia/commons/thumb/0/0b/Doodhsagar_Fall.jpg/1200px-Doodhsagar_Fall.jpg,,,,,,,,8.0,"['afternoon', 'dudhsagar falls', 'goa', 'waterfall']"
Anjuna Beach,Goa,Goa,Beach,4.4,0.0,2.0,Evening,anjuna__goa_goa,https://upload.wikimedia.org/wikipedia/commons/thumb/c/cf/Anjuna_Beach%2C_Goa%2C_India%2C_Legendary_Curlies_beach_shack.jpg/640px-Anjuna_Beach%2C_Goa%2C_India%2C_Legendary_Curlies_beach_shack.jpg,,,,,,,,8.0,"['anjuna beach', 'beach', 'evening', 'goa']"
Chapora Fort,Goa,Goa,Fort,4.2,0.0,1.0,Evening,chapora__goa_goa,https://upload.wikimedia.org/wikipedia/commons/3/35/Fort_Chapora_26012016.jpg,,,,,,,,8.0,"['chapora fort', 'evening', 'fort', 'goa']"
Se Cathedral,Goa,Goa,Church,4.5,0.0,1.0,Afternoon,se_ca_dral_goa_goa,https://upload.wikimedia.org/wikipedia/commons/7/72/Se%E2%80%99_Cathedral%2C_Goa.jpg,,,,,,,,8.0,"['afternoon', 'church', 'goa', 'se cathedral']"
Baga Beach,Goa,Goa,Beach,4.5,0.0,2.0,Evening,baga__goa_goa,https://dynamic-media-cdn.tripadvisor.com/media/photo-o/18/3e/36/95/baga-sea-beach.jpg?w=1200&h=-1&s=1,,,,,,,,8.0,"['baga beach', 'beach', 'evening', 'goa']"
Arambol Beach,Goa,Goa,Beach,4.6,0.0,2.0,Evening,arambol__goa_goa,https://upload.wikimedia.org/wikipedia/commons/a/ab/Arambol_2022-01-04-2.jpg,,,,,,,,8.0,"['arambol beach', 'beach', 'evening', 'goa']"
Palolem Beach,Goa,Goa,Beach,4.6,0.0,2.0,Evening,palolem__goa_goa,https://upload.wikimedia.org/wikipedia/commons/9/9c/Palolem_Beach%2C_South_Goa.jpg,,,,,,,,8.0,"['beach', 'evening', 'goa', 'palolem beach']"
Colva Beach,Goa,Goa,Beach,4.3,0.0,2.0,Evening,colva__goa_goa,https://upload.wikimedia.org/wikipedia/commons/0/06/Colv%C3%A1_beach.jpg,,,,,,,,8.0,"['beach', 'colva beach', 'evening', 'goa']"
Miramar Beach,Goa,Goa,Beach,4.2,0.0,1.5,Evening,miramar__goa_goa,https://www.beachblueproperties.com/wp-content/uploads/2024/03/miramar_beach_shutterstock-1350x900.jpg,,,,,,,,8.0,"['beach', 'evening', 'goa', 'miramar beach']"
Dr. Salim Ali Bird Santuary,Goa,Goa,Bird Sanctuary,3.9,10.0,2.0,Afternoon,dr_salim_ali_bird_santuary_goa_goa,https://placehold.co/800x600/png?text=Voyara,,,,,,,,8.0,"['afternoon', 'bird sanctuary', 'dr. salim ali bird santuary', 'goa']"
Sabarmati Ashram,Gujarat,Ahmedabad,Historical,4.6,0.0,1.5,Morning,sabarmati_ashram_ahmedabad_gujarat,https://upload.wikimedia.org/wikipedia/commons/9/9a/GANDHI_ASHRAM_03.jpg,,,,,,,,8.0,"['ahmedabad', 'gujarat', 'historical', 'morning', 'sabarmati ashram']"
Dwarkadhish Temple,Gujarat,Dwarka,Temple,4.7,0.0,2.0,Evening,dwarkadhish__dwarka_gujarat,https://upload.wikimedia.org/wikipedia/commons/a/a2/Dwarkadheesh_temple.jpg,,,,,,,,8.0,"['dwarka', 'dwarkadhish temple', 'evening', 'gujarat', 'temple']"
Gir National Park,Gujarat,Junagadh,National Park,4.5,3500.0,3.0,Morning,gir__junagadh_gujarat,https://upload.wikimedia.org/wikipedia/commons/9/90/Gir_lion-Gir_forest%2Cjunagadh%2Cgujarat%2Cindia.jpeg,,,,,,,,8.0,"['gir national park', 'gujarat', 'junagadh', 'morning', 'national park']"
White Desert,Gujarat,Bhuj,Site,4.6,0.0,2.5,Evening,white_desert_bhuj_gujarat,https://upload.wikimedia.org/wikipedia/commons/4/4a/Al_Farafrah%2C_New_Valley_Governorate%2C_Egypt_-_panoramio_%2821%29.jpg,,,,,,,,8.0,"['bhuj', 'evening', 'gujarat', 'site', 'white desert']"
Laxmi Vilas Palace,Gujarat,Vadodara,Palace,4.4,200.0,2.0,Afternoon,laxmi_vilas__vadodara_gujarat,https://upload.wikimedia.org/wikipedia/commons/b/bd/LakshmiVilas_Palace.jpg,,,,,,,,8.0,"['afternoon', 'gujarat', 'laxmi vilas palace', 'palace', 'vadodara']"
Somnath Temple,Gujarat,Somnath,Temple,4.8,0.0,2.0,Morning,somnath__somnath_gujarat,https://upload.wikimedia.org/wikipedia/commons/thumb/1/10/Somanath_mandir_%28cropped%29.jpg/640px-Somanath_mandir_%28cropped%29.jpg,,,,,,,,8.0,"['gujarat', 'morning', 'somnath', 'somnath temple', 'temple']"
Rann Utsav,Gujarat,Rann of Kutch,Cultural,4.9,7500.0,3.0,Evening,rann_utsav_rann_of_kutch_gujarat,https://www.rannutsav.com/blog/wp-content/uploads/2024/12/141013682_715635635803639_4674705074199093637_n-1.png,,,,,,,,8.0,"['cultural', 'evening', 'gujarat', 'rann of kutch', 'rann utsav']"
Statue of Unity,Gujarat,Kevadia,Monument,4.6,350.0,3.0,All,statue_of_unity_kevadia_gujarat,https://upload.wikimedia.org/wikipedia/commons/0/07/Statue_of_Unity.jpg,,,,,,,,8.0,"['all', 'gujarat', 'kevadia', 'monument', 'statue of unity']"
Dandi Kutir,Gujarat,Gandhinagar,Museum,4.5,0.0,1.5,All,dandi_kutir_gandhinagar_gujarat,https://dandi-kutir.com/wp-content/uploads/2023/07/Picture2.jpg,,,,,,,,8.0,"['all', 'dandi kutir', 'gandhinagar', 'gujarat', 'museum']"
Sabarmati Riverfront,Gujarat,Ahmedabad,Urban Development Project,4.6,0.0,1.0,Evening,sabarmati_front_ahmedabad_gujarat,https://upload.wikimedia.org/wikipedia/commons/d/d0/Sabarmati_1_Madhur.jpg,,,,,,,,8.0,"['ahmedabad', 'evening', 'gujarat', 'sabarmati riverfront', 'urban development project']"
Manek Chowk,Gujarat,Ahmedabad,Market,4.4,0.0,2.0,Night,manek_chowk_ahmedabad_gujarat,https://upload.wikimedia.org/wikipedia/commons/9/9f/Manekchok.jpg,,,,,,,,8.0,"['ahmedabad', 'gujarat', 'manek chowk', 'market', 'night']"
Kankaria Lake,Gujarat,Ahmedabad,Lake,4.5,10.0,3.0,Afternoon,kankaria__ahmedabad_gujarat,https://upload.wikimedia.org/wikipedia/commons/thumb/2/2a/Kankaria_Carnival_2_Ahmedabad.JPG/1200px-Kankaria_Carnival_2_Ahmedabad.JPG,,,,,,,,8.0,"['afternoon', 'ahmedabad', 'gujarat', 'kankaria lake', 'lake']"
Science City,Gujarat,Ahmedabad,Science,4.4,500.0,7.0,All,science_city_ahmedabad_gujarat,https://assets.simpleviewinc.com/simpleview/image/upload/crm/overlandpark/15800061_1200678019970162_2078686735126305890_o0-e9440f315056a36_e944123e-5056-a36a-09c5cf0c57ceea63.jpg,22.539187,88.396411,,,,,,8.0,"['ahmedabad', 'all', 'gujarat', 'science', 'science city']"
Hawa Mahal,Rajasthan,Jaipur,Palace,4.4,50.0,1.0,Morning,hawa_mahal_jaipur_rajasthan,https://upload.wikimedia.org/wikipedia/commons/4/41/East_facade_Hawa_Mahal_Jaipur_from_ground_level_%28July_2022%29_-_img_01.jpg,26.925533,75.82884200000001,,,,,,8.0,"['hawa mahal', 'jaipur', 'morning', 'palace', 'rajasthan']"
City Palace,Rajasthan,Udaipur,Palace,4.4,300.0,2.0,All,city__udaipur_rajasthan,https://upload.wikimedia.org/wikipedia/commons/a/a4/Chandra_Mahal%2C_City_Palace%2C_Jaipur%2C_20191218_0951_9043.jpg,26.930505,75.82547100000001,,,,,,8.0,"['all', 'city palace', 'palace', 'rajasthan', 'udaipur']"
Jaisalmer Fort,Rajasthan,Jaisalmer,Fort,4.4,50.0,2.5,All,jaisalmer__jaisalmer_rajasthan,https://upload.wikimedia.org/wikipedia/commons/thumb/4/47/Jaisalmer_forteresse.jpg/1200px-Jaisalmer_forteresse.jpg,,,"Fort and haveli walks, Camel/jeep safaris with dune sunset, Overnight desert camping, Shopping for textiles and handicrafts","Less-touristy Khuri dunes vs busier Sam, Quiet inner lanes and rooftop viewpoints in the fort",Jaisalmer Airport (seasonal flights) / Jodhpur Airport,Jaisalmer Junction,"Dal baati churma, Ker sangri, Gatte ki sabzi",8.0,"['all', 'camel/jeep safaris with dune sunset', 'fort', 'fort and haveli walks', 'jaisalmer', 'jaisalmer fort', 'overnight desert camping', 'rajasthan', 'shopping for textiles and handicrafts']"
Ranthambore National Park,Rajasthan,Sawai Madhopur,Wildlife Sanctuary,4.6,500.0,3.0,All,ranthambore__sawai_madhopur_rajasthan,https://www.tripsavvy.com/thmb/dV7zQhV4qJ_mPL8AmzjenGByzk8=/1500x0/filters:no_upscale():max_bytes(150000):strip_icc()/tres-bengala-tigres-en-frente-de-turista-de-520373860-735d4cd8c3b147d98cce1f158d0eefab.jpg,,,"Jeep/canter safaris, Fort and temple visits (as per rules), Village walks and handicraft shopping","Less famous safari zones with good sightings but fewer vehicles, Sunset views from fort area (as permitted)",Jaipur International Airport,Sawai Madhopur,"Dal baati churma, Local kadhi and sabzis",9.0,"['all', 'fort and temple visits (as per rules)', 'jeep/canter safaris', 'rajasthan', 'ranthambore national park', 'sawai madhopur', 'village walks and handicraft shopping', 'wildlife sanctuary']"
Pushkar Lake,Rajasthan,Pushkar,Temple,4.4,0.0,1.5,All,pushkar__pushkar_rajasthan,https://upload.wikimedia.org/wikipedia/commons/c/c3/Evening_lights_by_the_Pushkar_Lake%2C_Pushkar.jpg,,,,,,,,8.0,"['all', 'pushkar', 'pushkar lake', 'rajasthan', 'temple']"
Ajmer Sharif Dargah,Rajasthan,Ajmer,Shrine,4.6,0.0,1.0,All,ajmer_sharif_dargah_ajmer_rajasthan,https://d2dzi65yjecjnt.cloudfront.net/405980.jpg,,,,,,,,8.0,"['ajmer', 'ajmer sharif dargah', 'all', 'rajasthan', 'shrine']"
Mehrangarh Fort,Rajasthan,Jodhpur,Fort,4.6,100.0,2.0,All,mehrangarh__jodhpur_rajasthan,https://cdn.britannica.com/39/242539-050-97AFAE4E/Mehrangarh-fortress-Jodhpur-Rajasthan-India.jpg,,,,,,,,8.0,"['all', 'fort', 'jodhpur', 'mehrangarh fort', 'rajasthan']"
Chittorgarh Fort,Rajasthan,Chittorgarh,Fort,4.6,40.0,2.0,All,chittorgarh__chittorgarh_rajasthan,https://upload.wikimedia.org/wikipedia/commons/thumb/3/3a/Chittorgarh_fort.JPG/1200px-Chittorgarh_fort.JPG,,,,,,,,8.0,"['all', 'chittorgarh', 'chittorgarh fort', 'fort', 'rajasthan']"
Dilwara Temples,Rajasthan,Mount Abu,Temple,4.6,0.0,1.0,All,dilwara_s_mount_abu_rajasthan,https://upload.wikimedia.org/wikipedia/commons/8/81/Delwada.jpg,,,,,,,,8.0,"['all', 'dilwara temples', 'mount abu', 'rajasthan', 'temple']"
Junagarh Fort,Rajasthan,Bikaner,Fort,4.5,50.0,2.0,All,junagarh__bikaner_rajasthan,https://dynamic-media-cdn.tripadvisor.com/media/photo-o/10/38/91/24/outside-of-the-fort.jpg?w=900&h=-1&s=1,,,,,,,,8.0,"['all', 'bikaner', 'fort', 'junagarh fort', 'rajasthan']"
Amber Fort,Rajasthan,Jaipur,Fort,4.6,100.0,2.0,All,amber__jaipur_rajasthan,https://upload.wikimedia.org/wikipedia/commons/thumb/f/fb/20191219_Fort_Amber%2C_Amer%2C_Jaipur_0955_9481.jpg/800px-20191219_Fort_Amber%2C_Amer%2C_Jaipur_0955_9481.jpg,26.984448,75.84634299999999,,,,,,8.0,"['all', 'amber fort', 'fort', 'jaipur', 'rajasthan']"
Jaigarh Fort,Rajasthan,Jaipur,Fort,4.5,35.0,1.5,All,jaigarh__jaipur_rajasthan,https://upload.wikimedia.org/wikipedia/commons/3/34/Rajasthan-Jaipur-Jaigarh-Fort-compound-Apr-2004-00.JPG,,,,,,,,8.0,"['all', 'fort', 'jaigarh fort', 'jaipur', 'rajasthan']"
Lake Pichola,Rajasthan,Udaipur,Lake,4.6,0.0,1.0,All,pichola_udaipur_rajasthan,https://upload.wikimedia.org/wikipedia/commons/d/d2/Udaipur_Lake_India.JPG,,,,,,,,8.0,"['all', 'lake', 'lake pichola', 'rajasthan', 'udaipur']"
Golden Temple (Harmandir Sahib),Punjab,Amritsar,Religious Site,4.9,0.0,1.5,All,golden__amritsar_punjab,https://upload.wikimedia.org/wikipedia/commons/9/94/The_Golden_Temple_of_Amrithsar_7.jpg,31.621802,74.876134,,,,,,8.0,"['all', 'amritsar', 'golden temple (harmandir sahib)', 'punjab', 'religious site']"
Jallianwala Bagh,Punjab,Amritsar,Memorial,4.8,0.0,1.0,Afternoon,jallianwala_bagh_amritsar_punjab,https://upload.wikimedia.org/wikipedia/commons/thumb/b/b5/Jallianwala_Bagh%2C_Amritsar_01.jpg/1200px-Jallianwala_Bagh%2C_Amritsar_01.jpg,31.622227,74.877518,,,,,,8.0,"['afternoon', 'amritsar', 'jallianwala bagh', 'memorial', 'punjab']"
Wagah Border,Punjab,Amritsar,Border Crossing,4.8,0.0,2.0,Evening,wagah_border_amritsar_punjab,https://upload.wikimedia.org/wikipedia/commons/thumb/8/8a/Wagah_border_ceremony2.jpg/800px-Wagah_border_ceremony2.jpg,31.608644,74.57344499999999,,,,,,8.0,"['amritsar', 'border crossing', 'evening', 'punjab', 'wagah border']"
Rock Garden,Punjab,Chandigarh,Sculpture Garden,4.5,30.0,2.0,All,rock__chandigarh_punjab,https://www.thespruce.com/thmb/tO_j4ToZ8KXEhNAzpS0atlzCF2M=/2048x0/filters:no_upscale():max_bytes(150000):strip_icc()/how-to-build-rock-gardens-2132674-hero-0ca8dc4580c9495c8fea6ed3db29f92f.jpg,,,,,,,,8.0,"['all', 'chandigarh', 'punjab', 'rock garden', 'sculpture garden']"
Alappuzha Beach,Kerala,Alappuzha,Beach,4.5,0.0,1.5,All,alappuzha__alappuzha_kerala,https://upload.wikimedia.org/wikipedia/commons/thumb/1/1f/Alleppey_beach.jpg/1200px-Alleppey_beach.jpg,9.491172,76.32984,,,,,,8.0,"['alappuzha', 'alappuzha beach', 'all', 'beach', 'kerala']"
Munnar Tea Gardens,Kerala,Munnar,Scenic Area,4.3,0.0,2.0,All,munnar_tea_s_munnar_kerala,https://dynamic-media-cdn.tripadvisor.com/media/photo-o/12/e9/52/a2/sunset-at-tata-tea-gardens.jpg?w=900&h=500&s=1,,,,,,,,8.0,"['all', 'kerala', 'munnar', 'munnar tea gardens', 'scenic area']"
Fort Kochi,Kerala,Kochi,Site,4.4,0.0,1.0,All,kochi_kochi_kerala,https://upload.wikimedia.org/wikipedia/commons/6/6e/Kochi%2C_Fishing_nets_at_sunset%2C_Kerala%2C_India.jpg,,,,,,,,8.0,"['all', 'fort kochi', 'kerala', 'kochi', 'site']"
Padmanabhaswamy Temple,Kerala,Thiruvananthapuram,Temple,4.7,0.0,1.0,All,padmanabhaswamy__thiruvananthapuram_kerala,https://upload.wikimedia.org/wikipedia/commons/d/d2/Sree_Padmanabhaswamy_temple_01.jpg,,,,,,,,8.0,"['all', 'kerala', 'padmanabhaswamy temple', 'temple', 'thiruvananthapuram']"
Kozhikode Beach,Kerala,Kozhikode,Beach,3.9,0.0,1.5,All,kozhikode__kozhikode_kerala,https://www.keralatourism.org/_next/image/?url=http%3A%2F%2F127.0.0.1%2Fktadmin%2Fimg%2Fpages%2Fmobile%2Fkozhikode-beach-1724136273_4f4e219404e64aa92290.webp&w=3840&q=75,,,,,,,,8.0,"['all', 'beach', 'kerala', 'kozhikode', 'kozhikode beach']"
Wayanad Wildlife Sanctuary,Kerala,Wayanad,Wildlife Sanctuary,4.5,300.0,3.0,All,wayanad__wayanad_kerala,https://upload.wikimedia.org/wikipedia/commons/1/11/Wayanad_Wild_Life_Sanctuary.JPG,,,"Estate stays and walks, Short treks and view points, Waterfall visits (seasonal, with caution), Wildlife safaris in nearby Wayanad forests (regulations apply)","Small view points off main roads, Less-crowded estate homestays away from tourist clusters",Calicut International Airport (Kozhikode),Kozhikode,"Kerala meals on banana leaf, Malabar biryani, Fish curries and appam–stew",8.0,"['all', 'estate stays and walks', 'kerala', 'short treks and view points', 'waterfall visits (seasonal', 'wayanad', 'wayanad wildlife sanctuary', 'wildlife safaris in nearby wayanad forests (regulations apply)', 'wildlife sanctuary', 'with caution)']"
Periyar National Park,Kerala,Thekkady,National Park,4.3,50.0,3.0,All,periyar___kkady_kerala,https://upload.wikimedia.org/wikipedia/commons/thumb/6/66/Periyar_National_Park.JPG/800px-Periyar_National_Park.JPG,,,,,,,,8.0,"['all', 'kerala', 'national park', 'periyar national park', 'thekkady']"
Kumarakom Bird Sanctuary,Kerala,Kumarakom,Bird Sanctuary,3.8,50.0,2.0,All,kumarakom_bird__kumarakom_kerala,https://dynamic-media-cdn.tripadvisor.com/media/photo-o/0d/33/ab/f4/les-sentiers.jpg?w=1200&h=-1&s=1,,,,,,,,8.0,"['all', 'bird sanctuary', 'kerala', 'kumarakom', 'kumarakom bird sanctuary']"
Varkala Beach,Kerala,Varkala,Beach,4.6,0.0,2.0,All,varkala__varkala_kerala,https://upload.wikimedia.org/wikipedia/commons/e/e0/Varkala_beach_from_above.jpg,,,"Cliff-top walks, Beach time and swimming (conditions permitting), Yoga and Ayurveda treatments, Cafe and restaurant visits","Quieter stretches towards Black Beach and beyond, Small homestays tucked behind main cliff road",Trivandrum International Airport,Varkala Sivagiri,"Kerala fish curry (for non-vegetarians), Appam and stew, Fresh coconut-based dishes",8.0,"['all', 'beach', 'beach time and swimming (conditions permitting)', 'cafe and restaurant visits', 'cliff-top walks', 'kerala', 'varkala', 'varkala beach', 'yoga and ayurveda treatments']"
Bekal Fort,Kerala,Bekal,Fort,4.5,20.0,1.5,All,bekal__bekal_kerala,https://upload.wikimedia.org/wikipedia/commons/7/74/Bekal.jpg,,,,,,,,8.0,"['all', 'bekal', 'bekal fort', 'fort', 'kerala']"
Kovalam Beach,Kerala,Kovalam,Beach,4.4,0.0,2.0,All,kovalam__kovalam_kerala,https://upload.wikimedia.org/wikipedia/commons/3/3c/Kovalam_beach_trivandrum_kerala.jpg,,,,,,,,8.0,"['all', 'beach', 'kerala', 'kovalam', 'kovalam beach']"
St. Angelo Fort,Kerala,Kannur,Fort,4.4,20.0,1.0,All,st_angelo__kannur_kerala,https://upload.wikimedia.org/wikipedia/commons/6/65/Malta_-_Birgu_-_Fort_Saint_Angelo_%28Upper_Barrakka_Gardens%29_01_ies.jpg,,,,,,,,8.0,"['all', 'fort', 'kannur', 'kerala', 'st. angelo fort']"
Seethargundu Viewpoint,Kerala,Nelliyampathy,Viewpoint,4.5,0.0,1.0,Morning,seethargundu_viewpoint_nelliyampathy_kerala,https://dynamic-media-cdn.tripadvisor.com/media/photo-o/03/4e/3a/91/seethargundu-viewpoint.jpg?w=1200&h=1200&s=1,,,,,,,,8.0,"['kerala', 'morning', 'nelliyampathy', 'seethargundu viewpoint', 'viewpoint']"
Kerala Folklore Museum,Kerala,Kochi,Cultural,4.4,100.0,1.5,All,kerala_folklore__kochi_kerala,https://dynamic-media-cdn.tripadvisor.com/media/photo-o/25/17/1c/49/anthropology-and-ethnography.jpg?w=1200&h=1200&s=1,,,,,,,,8.0,"['all', 'cultural', 'kerala', 'kerala folklore museum', 'kochi']"
Wonderla Amusement Park,Kerala,Kochi,Amusement Park,4.6,750.0,5.5,All,wonderla_amusement__kochi_kerala,https://dynamic-media-cdn.tripadvisor.com/media/photo-o/0f/b4/a3/72/flash-tower-is-a-shoot.jpg?w=1200&h=1200&s=1,,,,,,,,8.0,"['all', 'amusement park', 'kerala', 'kochi', 'wonderla amusement park']"
Mysore Palace,Karnataka,Mysore,Palace,4.6,50.0,2.0,All,mysore__mysore_karnataka,https://upload.wikimedia.org/wikipedia/commons/thumb/a/a4/Mysore_Palace_Morning.jpg/1200px-Mysore_Palace_Morning.jpg,12.309717999999998,76.658822,,,,,,8.0,"['all', 'karnataka', 'mysore', 'mysore palace', 'palace']"
Hampi Archaeological Ruins,Karnataka,Hampi,Site,4.7,0.0,3.0,All,hampi_archaeological_ruins_hampi_karnataka,https://www.dailyartmagazine.com/wp-content/uploads/2020/08/stone-chariot-hampi-tourism-entry-fee-timings-holidays-reviews-header-1024x512.jpg,,,,,,,,8.0,"['all', 'hampi', 'hampi archaeological ruins', 'karnataka', 'site']"
Abbey Falls,Karnataka,Coorg,Waterfall,4.1,0.0,1.0,Morning,abbey__coorg_karnataka,https://upload.wikimedia.org/wikipedia/commons/7/7a/Abbey_Falls_New.jpg,,,,,,,,8.0,"['abbey falls', 'coorg', 'karnataka', 'morning', 'waterfall']"
Om Beach,Karnataka,Gokarna,Beach,4.5,0.0,2.0,All,om__gokarna_karnataka,https://dynamic-media-cdn.tripadvisor.com/media/photo-o/03/53/5e/7f/om-beach.jpg?w=900&h=500&s=1,,,,,,,,8.0,"['all', 'beach', 'gokarna', 'karnataka', 'om beach']"
Mullayanagiri,Karnataka,Chikmagalur,Mountain Peak,4.5,0.0,3.0,All,mullayanagiri_chikmagalur_karnataka,https://i0.wp.com/weekendyaari.in/wp-content/uploads/2024/11/Mullayanagiri-scaled.webp?fit=2560%2C1322&ssl=1,,,,,,,,8.0,"['all', 'chikmagalur', 'karnataka', 'mountain peak', 'mullayanagiri']"
Badami Cave Temples,Karnataka,Badami,Cave,4.6,30.0,1.5,All,badami_cave_s_badami_karnataka,https://upload.wikimedia.org/wikipedia/commons/7/7b/Vishnu_image_inside_cave_number_3_in_Badami.jpg,,,,,,,,8.0,"['all', 'badami', 'badami cave temples', 'cave', 'karnataka']"
Jog Falls,Karnataka,Shivamogga,Waterfall,4.6,30.0,1.5,Morning,jog__shivamogga_karnataka,https://upload.wikimedia.org/wikipedia/commons/thumb/f/f5/Jog_Falls_05092016.jpg/1200px-Jog_Falls_05092016.jpg,,,,,,,,8.0,"['jog falls', 'karnataka', 'morning', 'shivamogga', 'waterfall']"
Panambur Beach,Karnataka,Mangalore,Beach,4.5,0.0,1.5,All,panambur__mangalore_karnataka,https://karnatakatourism.org/wp-content/uploads/2020/06/Panambur-Beach-800x450-1.jpg,,,,,,,,8.0,"['all', 'beach', 'karnataka', 'mangalore', 'panambur beach']"
Murudeshwar Temple,Karnataka,Murudeshwar,Temple,4.7,0.0,1.0,All,murudeshwar__murudeshwar_karnataka,https://dynamic-media-cdn.tripadvisor.com/media/photo-o/0e/73/8a/ad/murudeshwar.jpg?w=1200&h=1200&s=1,,,,,,,,8.0,"['all', 'karnataka', 'murudeshwar', 'murudeshwar temple', 'temple']"
Gol Gumbaz,Karnataka,Bijapur,Mausoleum,4.5,20.0,1.5,All,gol_gumbaz_bijapur_karnataka,https://upload.wikimedia.org/wikipedia/commons/thumb/0/0c/Gol_Gumbaj2.JPG/640px-Gol_Gumbaj2.JPG,,,,,,,,8.0,"['all', 'bijapur', 'gol gumbaz', 'karnataka', 'mausoleum']"
Bandipur National Park,Karnataka,Bandipur,National Park,4.4,300.0,3.0,Morning,bandipur__bandipur_karnataka,https://dynamic-media-cdn.tripadvisor.com/media/photo-o/0d/7c/47/ec/tiger-26-largejpg.jpg?w=1200&h=-1&s=1,,,,,,,,8.0,"['bandipur', 'bandipur national park', 'karnataka', 'morning', 'national park']"
Halebidu Hoysaleswara Temple,Karnataka,Halebidu,Temple,4.7,15.0,1.0,All,halebidu_hoysaleswara__halebidu_karnataka,https://media.meer.com/attachments/f7d6921ad0115a039e4a410081b28c60ab3f1564/store/fill/1090/613/b732c147bc434b3a19581501d1cbdcce7757cfefe3a28a417e8e9f9c9e03/An-entrance-into-the-Hoysaleshwara-temple-in-Halebidu.jpg,,,,,,,,8.0,"['all', 'halebidu', 'halebidu hoysaleswara temple', 'karnataka', 'temple']"
Shaniwar Wada,Maharastra,Pune,Fort,4.4,50.0,2.0,All,shaniwar_wada_pune_maharastra,https://upload.wikimedia.org/wikipedia/commons/thumb/d/d1/Shaniwar_wada_%28pune%29.jpg/1200px-Shaniwar_wada_%28pune%29.jpg,,,,,,,,8.0,"['all', 'fort', 'maharastra', 'pune', 'shaniwar wada']"
Ajanta Caves,Maharastra,Aurangabad,Cave,4.6,30.0,3.0,Afternoon,ajanta_caves_aurangabad_maharastra,https://upload.wikimedia.org/wikipedia/commons/thumb/c/c3/Ajanta_%2863%29.jpg/300px-Ajanta_%2863%29.jpg,,,,,,,,8.0,"['afternoon', 'ajanta caves', 'aurangabad', 'cave', 'maharastra']"
Sula Vineyards,Maharastra,Nashik,Vineyard,4.1,300.0,2.0,Afternoon,sula_vineyards_nashik_maharastra,https://dynamic-media-cdn.tripadvisor.com/media/photo-o/1a/3f/8e/3d/a-view-from-the-vineyards.jpg?w=1200&h=-1&s=1,,,,,,,,8.0,"['afternoon', 'maharastra', 'nashik', 'sula vineyards', 'vineyard']"
Sai Baba Temple,Maharastra,Shirdi,Temple,4.7,0.0,1.5,All,sai_baba__shirdi_maharastra,https://dynamic-media-cdn.tripadvisor.com/media/photo-o/0b/ab/9c/b1/shirdi-sai-baba-mandir.jpg?w=1200&h=-1&s=1,,,,,,,,8.0,"['all', 'maharastra', 'sai baba temple', 'shirdi', 'temple']"
Alibaug Beach,Maharastra,Alibaug,Beach,4.2,0.0,1.5,Evening,alibaug__alibaug_maharastra,https://dynamic-media-cdn.tripadvisor.com/media/photo-o/0e/46/6b/0a/alibaug.jpg?w=1200&h=-1&s=1,,,,,,,,8.0,"['alibaug', 'alibaug beach', 'beach', 'evening', 'maharastra']"
Ganapatipule Temple,Maharastra,Ratnagiri,Temple,4.7,0.0,1.0,All,ganapatipule__ratnagiri_maharastra,https://www.ganpatipule.co.in/images/slider/5.jpg,,,,,,,,8.0,"['all', 'ganapatipule temple', 'maharastra', 'ratnagiri', 'temple']"
Deekshabhoomi,Maharastra,Nagpur,Monument,4.5,0.0,1.0,Afternoon,deekshabhoomi_nagpur_maharastra,https://upload.wikimedia.org/wikipedia/commons/3/38/Deekshabhoomi_-_panoramio.jpg,,,,,,,,8.0,"['afternoon', 'deekshabhoomi', 'maharastra', 'monument', 'nagpur']"
Mahalakshmi Temple,Maharastra,Kolhapur,Temple,4.8,0.0,1.0,All,mahalakshmi__kolhapur_maharastra,https://upload.wikimedia.org/wikipedia/commons/thumb/5/53/Mahalaxmi_Temple%2C_Kolhapur.jpg/640px-Mahalaxmi_Temple%2C_Kolhapur.jpg,,,,,,,,8.0,"['all', 'kolhapur', 'mahalakshmi temple', 'maharastra', 'temple']"
Karla Caves,Maharastra,Lonavala,Cave,4.4,25.0,1.5,Afternoon,karla_caves_lonavala_maharastra,https://upload.wikimedia.org/wikipedia/commons/f/ff/Karla_caves_Chaitya.jpg,,,,,,,,8.0,"['afternoon', 'cave', 'karla caves', 'lonavala', 'maharastra']"
Tarkarli Beach,Maharashtra,Tarkarli,Beach,4.6,0.0,2.0,Evening,tarkarli__tarkarli_maharashtra,https://dynamic-media-cdn.tripadvisor.com/media/photo-o/05/19/79/56/tarkarli-beach.jpg?w=1200&h=1200&s=1,,,,,,,,8.0,"['beach', 'evening', 'maharashtra', 'tarkarli', 'tarkarli beach']"
Kaas Plateau,Maharashtra,Satara,Valley,4.4,300.0,2.0,Afternoon,kaas_plateau_satara_maharashtra,https://upload.wikimedia.org/wikipedia/commons/2/21/Kaas-7016.jpg,,,,,,,,8.0,"['afternoon', 'kaas plateau', 'maharashtra', 'satara', 'valley']"
Echo Point,Maharashtra,Matheran,Viewpoint,4.4,0.0,1.5,Morning,echo_point_ma_ran_maharashtra,https://dynamic-media-cdn.tripadvisor.com/media/photo-o/0a/fc/90/4a/viewing-platform-from.jpg?w=1200&h=-1&s=1,,,,,,,,8.0,"['echo point', 'maharashtra', 'matheran', 'morning', 'viewpoint']"
Ellora Caves,Maharashtra,Ajanta,Cave,4.7,30.0,3.0,Afternoon,ellora_caves_ajanta_maharashtra,https://whc.unesco.org/uploads/thumbs/site_0243_0001-1200-630-20151104152442.jpg,,,,,,,,8.0,"['afternoon', 'ajanta', 'cave', 'ellora caves', 'maharashtra']"
Khajuraho Group of Monuments,Madhya Pradesh,Khajuraho,Temples,4.7,40.0,2.0,Afternoon,khajuraho_group_of_monuments_khajuraho_madhya_pradesh,https://upload.wikimedia.org/wikipedia/commons/thumb/c/c8/Khajuraho_Group_of_Monuments_4.jpg/1200px-Khajuraho_Group_of_Monuments_4.jpg,,,,,,,,8.0,"['afternoon', 'khajuraho', 'khajuraho group of monuments', 'madhya pradesh', 'temples']"
Sanchi Stupa,Madhya Pradesh,Bhopal,Monument,4.7,30.0,1.5,Afternoon,sanchi_stupa_bhopal_madhya_pradesh,https://upload.wikimedia.org/wikipedia/commons/thumb/1/12/East_Gateway_-_Stupa_1_-_Sanchi_Hill_2013-02-21_4398.JPG/250px-East_Gateway_-_Stupa_1_-_Sanchi_Hill_2013-02-21_4398.JPG,,,,,,,,8.0,"['afternoon', 'bhopal', 'madhya pradesh', 'monument', 'sanchi stupa']"
Rajwada Palace,Madhya Pradesh,Indore,Palace,4.4,10.0,1.0,Afternoon,rajwada__indore_madhya_pradesh,https://upload.wikimedia.org/wikipedia/commons/e/e1/Indore_Rajwada01.jpg,,,,,,,,8.0,"['afternoon', 'indore', 'madhya pradesh', 'palace', 'rajwada palace']"
Gwalior Fort,Madhya Pradesh,Gwalior,Fort,4.5,75.0,2.5,Morning,gwalior__gwalior_madhya_pradesh,https://upload.wikimedia.org/wikipedia/commons/thumb/1/15/Gwalior_Fort_front.jpg/1200px-Gwalior_Fort_front.jpg,,,,,,,,8.0,"['fort', 'gwalior', 'gwalior fort', 'madhya pradesh', 'morning']"
Mahakaleshwar Jyotirlinga,Madhya Pradesh,Ujjain,Temple,4.8,0.0,1.5,All,mahakaleshwar_jyotirlinga_ujjain_madhya_pradesh,https://upload.wikimedia.org/wikipedia/commons/thumb/7/7d/Mahakal_Temple_Ujjain.JPG/1200px-Mahakal_Temple_Ujjain.JPG,,,,,,,,8.0,"['all', 'madhya pradesh', 'mahakaleshwar jyotirlinga', 'temple', 'ujjain']"
Dhuandhar Falls,Madhya Pradesh,Jabalpur,Waterfall,4.5,0.0,1.0,Morning,dhuandhar__jabalpur_madhya_pradesh,https://upload.wikimedia.org/wikipedia/commons/d/d0/Dhuandhar_Waterfalls_in_Bhedaghat%2C_India.jpg,,,,,,,,8.0,"['dhuandhar falls', 'jabalpur', 'madhya pradesh', 'morning', 'waterfall']"
Bee Falls,Madhya Pradesh,Pachmarhi,Waterfall,4.6,15.0,1.5,Morning,bee__pachmarhi_madhya_pradesh,https://dynamic-media-cdn.tripadvisor.com/media/photo-o/19/33/53/06/photo0jpg.jpg?w=900&h=500&s=1,,,,,,,,8.0,"['bee falls', 'madhya pradesh', 'morning', 'pachmarhi', 'waterfall']"
Kanha National Park,Madhya Pradesh,Kanha,Wildlife Sanctuary,4.5,100.0,3.0,Morning,kanha__kanha_madhya_pradesh,https://upload.wikimedia.org/wikipedia/commons/1/1f/Tiger_Kanha_National_Park.jpg,,,"Morning and evening jeep safaris (permit-based), Nature walks in buffer zones (where allowed), Village and tribal-culture visits","Less-crowded safari zones depending on season, Birding around meadows and waterbodies",Jabalpur Airport,Gondia / Jabalpur,Simple MP thali at lodges or dhabas,9.0,"['kanha', 'kanha national park', 'madhya pradesh', 'morning', 'morning and evening jeep safaris (permit-based)', 'nature walks in buffer zones (where allowed)', 'village and tribal-culture visits', 'wildlife sanctuary']"
Bandhavgarh National Park,Madhya Pradesh,Bandhavgarh,National Park,4.5,50.0,3.0,Morning,bandhavgarh__bandhavgarh_madhya_pradesh,https://www.bandhavgarh.net/wp-content/uploads/2023/03/bandhavgarh-national-park-gate.webp,,,"Jeep safaris, Nature walks in buffer (where permitted), Village experiences","Buffer zones with fewer vehicles but rich habitat, Birding around waterbodies on park fringes",Jabalpur Airport,Umaria / Katni,Simple village-style MP thalis,9.0,"['bandhavgarh', 'bandhavgarh national park', 'jeep safaris', 'madhya pradesh', 'morning', 'national park', 'nature walks in buffer (where permitted)', 'village experiences']"
Orchha Fort,Madhya Pradesh,Orchha,Fort,4.8,10.0,1.5,Afternoon,orchha__orchha_madhya_pradesh,https://dynamic-media-cdn.tripadvisor.com/media/photo-o/16/1d/24/96/the-marvellous-orchha.jpg?w=900&h=500&s=1,,,,,,,,8.0,"['afternoon', 'fort', 'madhya pradesh', 'orchha', 'orchha fort']"
Jahaz Mahal,Madhya Pradesh,Mandu,Site,3.9,50.0,1.0,Afternoon,jahaz_mahal_mandu_madhya_pradesh,https://upload.wikimedia.org/wikipedia/commons/thumb/f/f7/Front_view_of_Jahaz_Mahal%2C_Mehrauli.jpg/1200px-Front_view_of_Jahaz_Mahal%2C_Mehrauli.jpg,,,,,,,,8.0,"['afternoon', 'jahaz mahal', 'madhya pradesh', 'mandu', 'site']"
Bhimbetka Rock Shelters,Madhya Pradesh,Bhimbetka,Prehistoric Site,4.6,25.0,2.0,Afternoon,bhimbetka_rock_shelters_bhimbetka_madhya_pradesh,https://upload.wikimedia.org/wikipedia/commons/9/91/Rock_Shelter_8%2C_Bhimbetka_02.jpg,,,,,,,,8.0,"['afternoon', 'bhimbetka', 'bhimbetka rock shelters', 'madhya pradesh', 'prehistoric site']"
Narmada Udgam Temple,Madhya Pradesh,Amarkantak,Temple,4.4,0.0,1.0,All,narmada_udgam__amarkantak_madhya_pradesh,https://dynamic-media-cdn.tripadvisor.com/media/photo-o/0d/bb/f0/f6/photo.jpg?w=1200&h=-1&s=1,,,,,,,,8.0,"['all', 'amarkantak', 'madhya pradesh', 'narmada udgam temple', 'temple']"
Chitrakoot Falls,Madhya Pradesh,Chitrakoot,Waterfall,4.4,0.0,1.5,Morning,chitrakoot__chitrakoot_madhya_pradesh,https://upload.wikimedia.org/wikipedia/commons/9/91/Chitrakot_waterfalls.JPG,,,,,,,,8.0,"['chitrakoot', 'chitrakoot falls', 'madhya pradesh', 'morning', 'waterfall']"
The Ridge,Himachal Pradesh,Shimla,Scenic Point,4.7,0.0,1.0,Morning,ridge_shimla_himachal_pradesh,https://cdn.prod.website-files.com/5ebb1b2c07f0f111e4ac241c/657afea045f2033b23a92839_ridge.webp,,,,,,,,8.0,"['himachal pradesh', 'morning', 'scenic point', 'shimla', 'the ridge']"
Solang Valley,Himachal Pradesh,Manali,Valley,4.1,0.0,2.0,Morning,solang_valley_manali_himachal_pradesh,https://dynamic-media-cdn.tripadvisor.com/media/photo-o/0c/b2/79/37/solang-valley-manali.jpg?w=1200&h=-1&s=1,32.322553,77.153373,,,,,,8.0,"['himachal pradesh', 'manali', 'morning', 'solang valley', 'valley']"
Dalai Lama Temple,Himachal Pradesh,dalhousie,Temple,4.7,0.0,1.5,All,dalai_lama__dalhousie_himachal_pradesh,https://customtoursindia.com/wp-content/uploads/2024/07/Visiting-Dharamshala-Home-of-the-Dalai-Lama-in-India.webp,,,,,,,,8.0,"['all', 'dalai lama temple', 'dalhousie', 'himachal pradesh', 'temple']"
Khajjiar Lake,Himachal Pradesh,Dalhousie,Lake,4.5,0.0,1.5,Morning,khajjiar__dalhousie_himachal_pradesh,https://upload.wikimedia.org/wikipedia/commons/thumb/2/20/Khajjiar.jpg/1200px-Khajjiar.jpg,,,"Picnics, Short walks, Horse riding (seasonal), Zorbing and basic adventure games (seasonal)","Forest walks around the meadow, Less-crowded viewpoints on side trails",Kangra (Gaggal) / Pathankot (via road),Pathankot,Simple North Indian and local hill dishes from dhabas,8.0,"['dalhousie', 'himachal pradesh', 'horse riding (seasonal)', 'khajjiar lake', 'lake', 'morning', 'picnics', 'short walks', 'zorbing and basic adventure games (seasonal)']"
Key Monastery,Himachal Pradesh,Spiti Valley,Monastery,4.8,0.0,1.0,Morning,key_monastery_spiti_valley_himachal_pradesh,https://upload.wikimedia.org/wikipedia/commons/4/49/1000_Year_loop.jpg,,,,,,,,8.0,"['himachal pradesh', 'key monastery', 'monastery', 'morning', 'spiti valley']"
Great Himalayan National Park,Himachal Pradesh,Kullu,National Park,4.5,50.0,3.0,All,great_himalayan__kullu_himachal_pradesh,https://upload.wikimedia.org/wikipedia/commons/thumb/d/dd/Himalayn_National_Park_01.jpg/1200px-Himalayn_National_Park_01.jpg,,,,,,,,8.0,"['all', 'great himalayan national park', 'himachal pradesh', 'kullu', 'national park']"
Chamera Lake,Himachal Pradesh,Chamba,Lake,4.4,0.0,2.0,Morning,chamera__chamba_himachal_pradesh,https://dynamic-media-cdn.tripadvisor.com/media/photo-o/15/9f/79/82/chamera-lake-also-known.jpg?w=1200&h=-1&s=1,,,,,,,,8.0,"['chamba', 'chamera lake', 'himachal pradesh', 'lake', 'morning']"
Sangla Valley,Himachal Pradesh,Kinnaur,Valley,4.5,0.0,2.0,Morning,sangla_valley_kinnaur_himachal_pradesh,https://www.india.com/wp-content/uploads/2018/08/Sangla-Valley.jpg,,,,,,,,8.0,"['himachal pradesh', 'kinnaur', 'morning', 'sangla valley', 'valley']"
Kangra Fort,Himachal Pradesh,Kangra,Fort,4.4,150.0,2.0,All,kangra__kangra_himachal_pradesh,https://upload.wikimedia.org/wikipedia/commons/f/f0/Kangra_Fort_%2CHimachal_Pradesh_06.jpg,,,,,,,,8.0,"['all', 'fort', 'himachal pradesh', 'kangra', 'kangra fort']"
Tea Gardens,Himachal Pradesh,Palampur,Tea Plantation,4.6,0.0,1.5,Morning,tea_s_palampur_himachal_pradesh,https://dynamic-media-cdn.tripadvisor.com/media/photo-o/12/e9/52/a2/sunset-at-tata-tea-gardens.jpg?w=1200&h=-1&s=1,,,,,,,,8.0,"['himachal pradesh', 'morning', 'palampur', 'tea gardens', 'tea plantation']"
Prashar Lake,Himachal Pradesh,Mandi,Lake,4.6,0.0,1.5,Morning,prashar__mandi_himachal_pradesh,https://upload.wikimedia.org/wikipedia/commons/7/75/Prashar_Lake_and_temple_%2CMandi_%2CHimachal_Pardesh.jpg,,,,,,,,8.0,"['himachal pradesh', 'lake', 'mandi', 'morning', 'prashar lake']"
Paragliding Site,Himachal Pradesh,Bir Billing,Adventure Sport,4.8,2500.0,2.0,All,paragliding_site_bir_billing_himachal_pradesh,https://www.pandotrip.com/wp-content/uploads/2014/05/Top-10-Paragliding-Sites-Slovenia-Photo-by-Robert-Kovacs.jpg,,,,,,,,8.0,"['adventure sport', 'all', 'bir billing', 'himachal pradesh', 'paragliding site']"
Triund Trek,Himachal Pradesh,McLeod Ganj,Trekking,4.8,0.0,5.0,Morning,triund_trek_mcleod_ganj_himachal_pradesh,"https://ik.imagekit.io/wcarzmwtz/trekyaari-images/Triund_-_Trekyaari_26_-jY9cOl6O.jpeg?tr=w-2048,q-100",,,,,,,,8.0,"['himachal pradesh', 'mcleod ganj', 'morning', 'trekking', 'triund trek']"
Manikaran Sahib,Himachal Pradesh,Manikaran,Gurudwara,4.6,0.0,1.0,Morning,manikaran_sahib_manikaran_himachal_pradesh,https://upload.wikimedia.org/wikipedia/commons/c/c7/Outer_view_of_the_temple%27s_hot_water_well_and_the_parvati_river_flowing_by_it.jpg,,,,,,,,8.0,"['gurudwara', 'himachal pradesh', 'manikaran', 'manikaran sahib', 'morning']"
Hatu Peak,Himachal Pradesh,Narkanda,Viewpoint,4.5,0.0,2.0,All,hatu_peak_narkanda_himachal_pradesh,https://dynamic-media-cdn.tripadvisor.com/media/photo-o/05/cd/de/8c/hatu-peak.jpg?w=1200&h=-1&s=1,,,,,,,,8.0,"['all', 'hatu peak', 'himachal pradesh', 'narkanda', 'viewpoint']"
Barot Valley,Himachal Pradesh,Barot,Valley,4.7,0.0,2.0,Morning,barot_valley_barot_himachal_pradesh,https://dynamic-media-cdn.tripadvisor.com/media/photo-o/05/e7/15/ff/barot-valley-view.jpg?w=900&h=500&s=1,,,,,,,,8.0,"['barot', 'barot valley', 'himachal pradesh', 'morning', 'valley']"
Serolsar Lake,Himachal Pradesh,Shoja,Lake,4.4,0.0,2.5,Morning,serolsar__shoja_himachal_pradesh,https://dynamic-media-cdn.tripadvisor.com/media/photo-o/0f/f9/d3/3f/lake.jpg?w=1200&h=-1&s=1,,,,,,,,8.0,"['himachal pradesh', 'lake', 'morning', 'serolsar lake', 'shoja']"
Kufri Fun World,Himachal Pradesh,Kufri,Ski Resort,3.8,1500.0,5.0,All,kufri_fun_world_kufri_himachal_pradesh,https://i.ytimg.com/vi/W_7-8Bx9_Wk/maxresdefault.jpg,,,,,,,,8.0,"['all', 'himachal pradesh', 'kufri', 'kufri fun world', 'ski resort']"
Naini Lake,Uttarakhand,Nainital,Lake,4.2,0.0,1.5,Morning,naini__nainital_uttarakhand,https://upload.wikimedia.org/wikipedia/commons/2/28/The_Boat_and_The_Lake.jpg,,,,,,,,8.0,"['lake', 'morning', 'naini lake', 'nainital', 'uttarakhand']"
Laxman Jhula,Uttarakhand,Rishikesh,Suspension Bridge,4.4,0.0,1.0,Morning,laxman_jhula_rishikesh_uttarakhand,https://upload.wikimedia.org/wikipedia/commons/7/75/Rishikesh-Lakshman_Jhula_by_Kaustubh_Nayyar.jpg,,,,,,,,8.0,"['laxman jhula', 'morning', 'rishikesh', 'suspension bridge', 'uttarakhand']"
Har Ki Pauri,Uttarakhand,Haridwar,Ghat,4.5,0.0,1.0,All,har_ki_pauri_haridwar_uttarakhand,https://upload.wikimedia.org/wikipedia/commons/thumb/0/0f/Evening_view_of_Har-ki-Pauri%2C_Haridwar.jpg/640px-Evening_view_of_Har-ki-Pauri%2C_Haridwar.jpg,,,,,,,,8.0,"['all', 'ghat', 'har ki pauri', 'haridwar', 'uttarakhand']"
Robber's Cave,Uttarakhand,Dehradun,Cave,4.5,25.0,1.5,Morning,robber_s_cave_dehradun_uttarakhand,https://d1pk12b7bb81je.cloudfront.net/thumbor/o351uGqYDHJbvUVOv7pk1r1-SrE=/full-fit-in/800x800/https://d1pk12b7bb81je.cloudfront.net/okdataengine/appmedia/images/117/117542/Robbers%20Cave%20Oct%202019_LD_5283.jpeg.jpg,,,,,,,,8.0,"['cave', 'dehradun', 'morning', ""robber's cave"", 'uttarakhand']"
Kempty Falls,Uttarakhand,Mussoorie,Waterfall,4.2,15.0,1.5,Morning,kempty__mussoorie_uttarakhand,https://www.justahotels.com/wp-content/uploads/2024/03/kempty-falls-scaled.jpeg,,,,,,,,8.0,"['kempty falls', 'morning', 'mussoorie', 'uttarakhand', 'waterfall']"
Auli Ski Resort,Uttarakhand,Auli,Ski Resort,4.5,0.0,3.0,Morning,auli_ski_resort_auli_uttarakhand,https://dynamic-media-cdn.tripadvisor.com/media/photo-o/27/f5/86/af/cliff-top-club.jpg?w=1200&h=-1&s=1,,,,,,,,8.0,"['auli', 'auli ski resort', 'morning', 'ski resort', 'uttarakhand']"
Badrinath Temple,Uttarakhand,Badrinath,Temple,4.8,0.0,1.0,All,badrinath__badrinath_uttarakhand,https://upload.wikimedia.org/wikipedia/commons/f/f9/Badrinath_Temple_%2C_Uttarakhand.jpg,,,,,,,,8.0,"['all', 'badrinath', 'badrinath temple', 'temple', 'uttarakhand']"
Binsar Wildlife Sanctuary,Uttarakhand,Almora,Wildlife Sanctuary,4.3,150.0,2.0,All,binsar__almora_uttarakhand,https://dynamic-media-cdn.tripadvisor.com/media/photo-o/0d/07/0b/38/the-road-takes-you-deeper.jpg?w=1200&h=1200&s=1,,,"Short treks and forest walks, Birdwatching, Sunrise/sunset mountain viewing","Early-morning walks to quieter viewpoints inside sanctuary, Small village trails below the main ridge",Pantnagar Airport,Kathgodam,"Bhatt ki churkani, Aloo ke gutke and simple Kumaoni thali",8.0,"['all', 'almora', 'binsar wildlife sanctuary', 'birdwatching', 'short treks and forest walks', 'sunrise/sunset mountain viewing', 'uttarakhand', 'wildlife sanctuary']"
Chaubatia Gardens,Uttarakhand,Ranikhet,Orchard,4.0,50.0,1.0,All,chaubatia_s_ranikhet_uttarakhand,https://static.toiimg.com/photo/59142289.cms,,,,,,,,8.0,"['all', 'chaubatia gardens', 'orchard', 'ranikhet', 'uttarakhand']"
Jim Corbett National Park,Uttarakhand,Jim Corbett,National Park,4.4,100.0,3.0,All,jim_corbett__jim_corbett_uttarakhand,https://upload.wikimedia.org/wikipedia/commons/7/78/Bengal-Tiger_Corbett_Uttarakhand_Dec-2013.jpg,,,,,,,,8.0,"['all', 'jim corbett', 'jim corbett national park', 'national park', 'uttarakhand']"
Gangotri Temple,Uttarakhand,Uttarkashi,Temple,4.8,0.0,1.0,All,gangotri__uttarkashi_uttarakhand,https://dynamic-media-cdn.tripadvisor.com/media/photo-o/0d/45/3b/da/the-main-temple.jpg?w=1200&h=-1&s=1,,,,,,,,8.0,"['all', 'gangotri temple', 'temple', 'uttarakhand', 'uttarkashi']"
Tungnath Temple,Uttarakhand,Chopta,Temple,4.8,0.0,2.0,All,tungnath__chopta_uttarakhand,https://upload.wikimedia.org/wikipedia/commons/thumb/f/fc/Tungnath_temple.jpg/640px-Tungnath_temple.jpg,,,,,,,,8.0,"['all', 'chopta', 'temple', 'tungnath temple', 'uttarakhand']"
Valley of Flowers,Uttarakhand,Joshimath,National Park,4.7,150.0,5.0,Morning,valley_of_flowers_joshimath_uttarakhand,https://upload.wikimedia.org/wikipedia/commons/2/21/%28A%29_Valley_of_flowers%2C_Garhwal_Uttarakhand_India.jpg,,,,,,,,8.0,"['joshimath', 'morning', 'national park', 'uttarakhand', 'valley of flowers']"
Taj Mahal,Uttar Pradesh,Agra,Mausoleum,4.6,50.0,2.0,Morning,taj_mahal_agra_uttar_pradesh,https://upload.wikimedia.org/wikipedia/commons/thumb/1/1d/Taj_Mahal_%28Edited%29.jpeg/640px-Taj_Mahal_%28Edited%29.jpeg,27.172633,78.044633,,,,,,8.0,"['agra', 'mausoleum', 'morning', 'taj mahal', 'uttar pradesh']"
Kashi Vishwanath Temple,Uttar Pradesh,Varanasi,Temple,4.7,0.0,1.0,All,kashi_vishwanath__varanasi_uttar_pradesh,https://upload.wikimedia.org/wikipedia/commons/f/ff/Kashi_Vishwanath.jpg,25.312069,83.006427,,,,,,8.0,"['all', 'kashi vishwanath temple', 'temple', 'uttar pradesh', 'varanasi']"
Bara Imambara,Uttar Pradesh,Lucknow,Monument,4.4,50.0,1.5,All,bara_imambara_lucknow_uttar_pradesh,https://static.toiimg.com/thumb/103890956/Bara-Imambara.jpg?width=1200&height=900,,,,,,,,8.0,"['all', 'bara imambara', 'lucknow', 'monument', 'uttar pradesh']"
Krishna Janmabhoomi,Uttar Pradesh,Mathura,Temple,4.7,0.0,1.0,All,krishna_janmabhoomi_mathura_uttar_pradesh,https://dynamic-media-cdn.tripadvisor.com/media/photo-o/0c/90/3e/20/img-20160817-122832-largejpg.jpg?w=1200&h=1200&s=1,,,,,,,,8.0,"['all', 'krishna janmabhoomi', 'mathura', 'temple', 'uttar pradesh']"
Ram Janmabhoomi,Uttar Pradesh,Ayodhya,Religious Site,4.8,0.0,1.0,All,ram_janmabhoomi_ayodhya_uttar_pradesh,https://upload.wikimedia.org/wikipedia/commons/thumb/d/df/Ayodhya_Ram_Mandir_Inauguration_Day_Picture.jpg/800px-Ayodhya_Ram_Mandir_Inauguration_Day_Picture.jpg,,,,,,,,8.0,"['all', 'ayodhya', 'ram janmabhoomi', 'religious site', 'uttar pradesh']"
Banke Bihari Temple,Uttar Pradesh,Vrindavan,Temple,4.8,0.0,1.0,All,banke_bihari__vrindavan_uttar_pradesh,https://upload.wikimedia.org/wikipedia/commons/e/e3/Banke_Bihari_Vrindavan.jpg,,,,,,,,8.0,"['all', 'banke bihari temple', 'temple', 'uttar pradesh', 'vrindavan']"
Triveni Sangam,Uttar Pradesh,Allahabad,Confluence,4.5,0.0,1.0,Morning,triveni_sangam_allahabad_uttar_pradesh,https://travelsetu.com/apps/uploads/new_destinations_photos/destination/2024/01/05/e5c371fa9c1bbfb486c1a85f7364cd2f_1000x1000.png,,,,,,,,8.0,"['allahabad', 'confluence', 'morning', 'triveni sangam', 'uttar pradesh']"
Jhansi Fort,Uttar Pradesh,Jhansi,Fort,4.4,15.0,1.5,All,jhansi__jhansi_uttar_pradesh,https://upload.wikimedia.org/wikipedia/commons/e/e8/Jhansi_Fort.jpg,,,,,,,,8.0,"['all', 'fort', 'jhansi', 'jhansi fort', 'uttar pradesh']"
Dhamek Stupa,Uttar Pradesh,Sarnath,Monument,4.6,5.0,1.0,All,dhamek_stupa_sarnath_uttar_pradesh,https://upload.wikimedia.org/wikipedia/commons/0/02/Dhamek_Stupa%2C_Sarnath.jpg,,,,,,,,8.0,"['all', 'dhamek stupa', 'monument', 'sarnath', 'uttar pradesh']"
Buland Darwaza,Uttar Pradesh,Fatehpur Sikri,Monument,4.4,40.0,2.0,Afternoon,buland_darwaza_fatehpur_sikri_uttar_pradesh,https://upload.wikimedia.org/wikipedia/commons/thumb/b/b5/Fatehput_Sikiri_Buland_Darwaza_gate_2010.jpg/800px-Fatehput_Sikiri_Buland_Darwaza_gate_2010.jpg,,,,,,,,8.0,"['afternoon', 'buland darwaza', 'fatehpur sikri', 'monument', 'uttar pradesh']"
Okhla Bird Sanctuary,Uttar Pradesh,Noida,Bird Sanctuary,4.3,30.0,1.5,All,okhla_bird__noida_uttar_pradesh,https://upload.wikimedia.org/wikipedia/commons/0/0b/Okhla_bird_sanctuary_Entrance.jpeg,,,,,,,,8.0,"['all', 'bird sanctuary', 'noida', 'okhla bird sanctuary', 'uttar pradesh']"
Aligarh Fort,Uttar Pradesh,Aligarh,Fort,4.1,20.0,1.0,Afternoon,aligarh__aligarh_uttar_pradesh,https://upload.wikimedia.org/wikipedia/commons/7/74/Aligarh_fort%2C_Aligarh.jpg,,,,,,,,8.0,"['afternoon', 'aligarh', 'aligarh fort', 'fort', 'uttar pradesh']"
Augarnath Temple,Uttar Pradesh,Meerut,Temple,4.8,0.0,1.0,All,augarnath__meerut_uttar_pradesh,https://upload.wikimedia.org/wikipedia/commons/thumb/7/73/Kali_Paltan_Mandir%2C_Meerut.jpg/1200px-Kali_Paltan_Mandir%2C_Meerut.jpg,,,,,,,,8.0,"['all', 'augarnath temple', 'meerut', 'temple', 'uttar pradesh']"
Allen Forest Zoo,Uttar Pradesh,Kanpur,Zoo,4.2,150.0,2.0,All,allen_forest_zoo_kanpur_uttar_pradesh,https://upload.wikimedia.org/wikipedia/commons/d/d0/Oskanpur-2.jpg,,,,,,,,8.0,"['all', 'allen forest zoo', 'kanpur', 'uttar pradesh', 'zoo']"
Dal Lake,Jammu and Kashmir,Srinagar,Lake,4.6,0.0,2.0,Morning,dal__srinagar_jammu_and_kashmir,https://upload.wikimedia.org/wikipedia/commons/thumb/e/e1/Dal_Lake_Hazratbal_Srinagar.jpg/800px-Dal_Lake_Hazratbal_Srinagar.jpg,34.081628,74.793175,,,,,,8.0,"['dal lake', 'jammu and kashmir', 'lake', 'morning', 'srinagar']"
Pangong Tso,Ladakh,Leh,Lake,4.9,20.0,2.0,Morning,pangong_tso_leh_ladakh,https://dynamic-media-cdn.tripadvisor.com/media/photo-o/17/00/2f/67/img-20180620-wa0007-largejpg.jpg?w=900&h=500&s=1,,,,,,,,8.0,"['ladakh', 'lake', 'leh', 'morning', 'pangong tso']"
Betaab Valley,Jammu and Kashmir,Pahalgam,Valley,4.6,100.0,2.0,All,betaab_valley_pahalgam_jammu_and_kashmir,https://dynamic-media-cdn.tripadvisor.com/media/photo-o/08/71/3f/53/betaab-valley.jpg?w=1200&h=1200&s=1,,,,,,,,8.0,"['all', 'betaab valley', 'jammu and kashmir', 'pahalgam', 'valley']"
Vaishno Devi,Jammu and Kashmir,Jammu,Temple,4.7,0.0,5.0,All,vaishno_devi_jammu_jammu_and_kashmir,https://upload.wikimedia.org/wikipedia/commons/c/c8/Vaishno_devi.jpg,,,,,,,,8.0,"['all', 'jammu', 'jammu and kashmir', 'temple', 'vaishno devi']"
Patnitop Height,Jammu and Kashmir,Udhampur,Hill,4.1,0.0,2.0,All,patnitop_height_udhampur_jammu_and_kashmir,https://r2imghtlak.mmtcdn.com/r2-mmt-htl-image/htl-imgs/201301031541242571-104aecda4fbc11e9a5c70242ac110003.jpg,,,,,,,,8.0,"['all', 'hill', 'jammu and kashmir', 'patnitop height', 'udhampur']"
Amarnath Cave,Jammu and Kashmir,Anantnag,Temple,4.5,0.0,6.0,All,amarnath_cave_anantnag_jammu_and_kashmir,https://upload.wikimedia.org/wikipedia/commons/6/66/Cave_Temple_of_Lord_Amarnath.jpg,,,,,,,,8.0,"['all', 'amarnath cave', 'anantnag', 'jammu and kashmir', 'temple']"
Thiksey Monastery,Ladakh,Leh,Monastery,4.7,20.0,1.5,All,thiksey_monastery_leh_ladakh,https://upload.wikimedia.org/wikipedia/commons/e/e5/Thikse_Monastery_.jpg,,,,,,,,8.0,"['all', 'ladakh', 'leh', 'monastery', 'thiksey monastery']"
Nubra Valley,Ladakh,Nubra Valley,Valley,4.5,0.0,2.0,All,nubra_valley_nubra_valley_ladakh,https://dynamic-media-cdn.tripadvisor.com/media/photo-o/03/b9/e6/1c/nubra-valley.jpg?w=1200&h=-1&s=1,,,"Camel safaris, Monastery visits, Village walks, Camping (seasonal)","Turtuk’s Balti culture and orchards, Smaller homestays off the main Hunder stretch",Leh Kushok Bakula Rimpochee Airport,Jammu Tawi,"Momos, Thukpa, Simple local breads and stews",8.0,"['all', 'camel safaris', 'camping (seasonal)', 'ladakh', 'monastery visits', 'nubra valley', 'valley', 'village walks']"
Kargil War Memorial,Ladakh,Kargil,War Memorial,4.8,0.0,1.0,All,kargil_war__kargil_ladakh,https://upload.wikimedia.org/wikipedia/commons/c/c5/Kargilwarmemorialdarss3.jpg,,,,,,,,8.0,"['all', 'kargil', 'kargil war memorial', 'ladakh', 'war memorial']"
Diskit Monastery,Ladakh,Diskit,Monastery,4.7,20.0,1.0,Morning,diskit_monastery_diskit_ladakh,https://upload.wikimedia.org/wikipedia/commons/1/16/Diskit_Gompa_2.jpg,,,,,,,,8.0,"['diskit', 'diskit monastery', 'ladakh', 'monastery', 'morning']"
Kishtwar National Park,Jammu and Kashmir,Kishtwar,National Park,4.3,100.0,3.0,All,kishtwar__kishtwar_jammu_and_kashmir,https://upload.wikimedia.org/wikipedia/commons/0/0b/Sunrise_in_Kishtwar_National_Park%2C_Jammu_and_Kashmir%2C_India.jpg,,,,,,,,8.0,"['all', 'jammu and kashmir', 'kishtwar', 'kishtwar national park', 'national park']"
Hemis National Park,Ladakh,Hemis,National Park,4.4,20.0,4.0,All,hemis__hemis_ladakh,https://upload.wikimedia.org/wikipedia/commons/thumb/1/14/13-10-08_217_CONFLUENCE_OF_INDUS_RIVER_N.jpg/1200px-13-10-08_217_CONFLUENCE_OF_INDUS_RIVER_N.jpg,,,,,,,,8.0,"['all', 'hemis', 'hemis national park', 'ladakh', 'national park']"
Dras War Memorial,Ladakh,Dras,War Memorial,4.8,0.0,1.0,All,dras_war__dras_ladakh,https://upload.wikimedia.org/wikipedia/commons/c/c5/Kargilwarmemorialdarss3.jpg,,,,,,,,8.0,"['all', 'dras', 'dras war memorial', 'ladakh', 'war memorial']"
Magnetic Hill,Ladakh,Leh,Gravity Hill,3.7,0.0,0.5,All,magnetic__leh_ladakh,https://upload.wikimedia.org/wikipedia/commons/4/45/Magnetic_Hill%2C_Leh.jpg,,,,,,,,8.0,"['all', 'gravity hill', 'ladakh', 'leh', 'magnetic hill']"
Khardung La Pass,Ladakh,Leh,Hill,4.5,0.0,1.0,Afternoon,khardung_la_pass_leh_ladakh,https://peopleoftheplanet.com/wp-content/uploads/2018/10/the-highest-road-in-the-world-snow.png,,,,,,,,8.0,"['afternoon', 'hill', 'khardung la pass', 'ladakh', 'leh']"
Prem Mandir,Uttar Pradesh,Vrindavan,Temple,4.8,0.0,1.5,Evening,prem_mandir_vrindavan_uttar_pradesh,https://upload.wikimedia.org/wikipedia/commons/thumb/8/8e/PremMandirSideViewFromCanteen.jpg/800px-PremMandirSideViewFromCanteen.jpg,,,,,,,,8.0,"['evening', 'prem mandir', 'temple', 'uttar pradesh', 'vrindavan']"
Kirti Mandir,Uttar Pradesh,Porbandar,Memorial,4.8,0.0,1.0,Morning,kirti_mandir_porbandar_uttar_pradesh,https://faujitoursandtravels.com/wp-content/uploads/2024/08/kirti-mandir-scaled.jpg,,,,,,,,8.0,"['kirti mandir', 'memorial', 'morning', 'porbandar', 'uttar pradesh']"
Nand Gaon,Uttar Pradesh,Mathura,Village,4.1,0.0,1.0,Morning,nand_gaon_mathura_uttar_pradesh,https://dynamic-media-cdn.tripadvisor.com/media/photo-o/27/a5/1d/8d/nandgaon-temple.jpg?w=900&h=500&s=1,,,,,,,,8.0,"['mathura', 'morning', 'nand gaon', 'uttar pradesh', 'village']"
Barsana Mandir,Uttar Pradesh,Mathura,Temple,4.8,0.0,1.0,Morning,barsana_mandir_mathura_uttar_pradesh,https://upload.wikimedia.org/wikipedia/commons/7/74/Radharani_Temple_Barsana_2.jpg,,,,,,,,8.0,"['barsana mandir', 'mathura', 'morning', 'temple', 'uttar pradesh']"
Tiger Hill,West Bengal,Darjeeling,Sunrise Point,4.5,0.0,1.0,All,tiger__darjeeling_west_bengal,https://upload.wikimedia.org/wikipedia/commons/d/d8/Tiger_Hill_Darjeeling_West_Bengal_India_%283%29.JPG,,,,,,,,8.0,"['all', 'darjeeling', 'sunrise point', 'tiger hill', 'west bengal']"
Jaldapara National Park,West Bengal,Siliguri,Wildlife Sanctuary,4.4,250.0,3.0,All,jaldapara__siliguri_west_bengal,https://upload.wikimedia.org/wikipedia/commons/f/f5/Elephant_safari.jpg,,,,,,,,8.0,"['all', 'jaldapara national park', 'siliguri', 'west bengal', 'wildlife sanctuary']"
Sundarbans National Park,West Bengal,Sundarbans,National Park,4.4,60.0,4.0,All,sundarbans__sundarbans_west_bengal,https://upload.wikimedia.org/wikipedia/commons/thumb/2/23/Sundarban_Tiger.jpg/1200px-Sundarban_Tiger.jpg,21.950457,88.999281,,,,,,8.0,"['all', 'national park', 'sundarbans', 'sundarbans national park', 'west bengal']"
Digha Beach,West Bengal,Digha,Beach,4.5,0.0,1.5,Morning,digha__digha_west_bengal,https://dynamic-media-cdn.tripadvisor.com/media/photo-o/07/00/60/71/digha-beach.jpg?w=1200&h=1200&s=1,,,,,,,,8.0,"['beach', 'digha', 'digha beach', 'morning', 'west bengal']"
Hazarduari Palace,West Bengal,Murshidabad,Palace,4.5,10.0,1.5,Morning,hazarduari__murshidabad_west_bengal,https://upload.wikimedia.org/wikipedia/commons/e/e8/Hazarduari01_debaditya_chatterjee.jpg,,,,,,,,8.0,"['hazarduari palace', 'morning', 'murshidabad', 'palace', 'west bengal']"
Kankalitala Temple,West Bengal,Bolpur,Temple,4.7,0.0,0.5,All,kankalitala__bolpur_west_bengal,https://upload.wikimedia.org/wikipedia/commons/4/4e/Kankalitala_Temple_complex%2C_Birbhum%2C_West_Bengal_05.jpg,,,,,,,,8.0,"['all', 'bolpur', 'kankalitala temple', 'temple', 'west bengal']"
Hangseswari Temple,West Bengal,Hooghly,Temple,4.6,0.0,0.5,All,hangseswari__hooghly_west_bengal,https://upload.wikimedia.org/wikipedia/commons/0/07/Hanseswari_Mandir.jpg,,,,,,,,8.0,"['all', 'hangseswari temple', 'hooghly', 'temple', 'west bengal']"
Gorumara National Park,West Bengal,Jalpaiguri,National Park,4.4,100.0,3.0,All,gorumara__jalpaiguri_west_bengal,https://upload.wikimedia.org/wikipedia/commons/1/1f/Gorumara_Gateway_Arnab_Dutta.JPG,,,,,,,,8.0,"['all', 'gorumara national park', 'jalpaiguri', 'national park', 'west bengal']"
Cooch Behar Palace,West Bengal,Cooch Behar,Palace,4.5,20.0,1.0,All,cooch_behar__cooch_behar_west_bengal,https://upload.wikimedia.org/wikipedia/commons/8/81/The_Cooch_Behar_Palace_or_the_Cooch_Behar_Rajbari%2C_Cooch_Behar_District%2C_West_Bengal%2C_India_01.jpg,,,,,,,,8.0,"['all', 'cooch behar', 'cooch behar palace', 'palace', 'west bengal']"
Ayodhya Hills,West Bengal,Purulia,Hill,4.5,0.0,2.5,All,ayodhya_s_purulia_west_bengal,https://dynamic-media-cdn.tripadvisor.com/media/photo-o/10/7c/8f/6f/ajodhya-hill-area.jpg?w=1200&h=1200&s=1,,,,,,,,8.0,"['all', 'ayodhya hills', 'hill', 'purulia', 'west bengal']"
Jagannath Temple,Odisha,Puri,Temple,4.7,0.0,2.0,All,jagannath__puri_odisha,http://pujacraft.com/cdn/shop/articles/PTI04_24_2021_000120A_1619272465136_1641572422757.webp?v=1686066690,,,,,,,,8.0,"['all', 'jagannath temple', 'odisha', 'puri', 'temple']"
Sun Temple,Odisha,Konark,Temple,4.7,40.0,1.5,All,sun__konark_odisha,https://upload.wikimedia.org/wikipedia/commons/4/47/Konarka_Temple.jpg,,,,,,,,8.0,"['all', 'konark', 'odisha', 'sun temple', 'temple']"
Lingaraj Temple,Odisha,Bhubaneswar,Temple,4.6,0.0,1.0,All,lingaraj__bhubaneswar_odisha,https://upload.wikimedia.org/wikipedia/commons/8/83/LINGARAJ_TEMPLE_AMLAN_BISWAL_2024.jpg,,,,,,,,8.0,"['all', 'bhubaneswar', 'lingaraj temple', 'odisha', 'temple']"
Khandadhar Waterfall,Odisha,Rourkela,Waterfall,4.5,0.0,1.5,All,khandadhar__rourkela_odisha,https://upload.wikimedia.org/wikipedia/commons/6/68/Khandadhar_Waterfall.jpg,,,,,,,,8.0,"['all', 'khandadhar waterfall', 'odisha', 'rourkela', 'waterfall']"
Barabati Fort,Odisha,Cuttack,Fort,4.5,0.0,1.0,All,barabati__cuttack_odisha,https://upload.wikimedia.org/wikipedia/commons/9/95/Entrance_of_Barabati_fort.jpg,,,,,,,,8.0,"['all', 'barabati fort', 'cuttack', 'fort', 'odisha']"
Hirakud Dam,Odisha,Sambalpur,Dam,4.5,0.0,1.0,All,hirakud_dam_sambalpur_odisha,https://upload.wikimedia.org/wikipedia/commons/0/00/Hirakud_Dam.jpg,,,,,,,,8.0,"['all', 'dam', 'hirakud dam', 'odisha', 'sambalpur']"
Chilika Lake,Odisha,Chilika,Lake,3.9,0.0,2.0,Morning,chilika__chilika_odisha,https://upload.wikimedia.org/wikipedia/commons/thumb/9/94/Birds_eyeview_of_Chilika_Lake.jpg/640px-Birds_eyeview_of_Chilika_Lake.jpg,,,,,,,,8.0,"['chilika', 'chilika lake', 'lake', 'morning', 'odisha']"
Tara Tarini Temple,Odisha,Berhampur,Temple,4.6,0.0,1.0,All,tara_tarini__berhampur_odisha,https://upload.wikimedia.org/wikipedia/commons/b/bb/Taratarini_maa.jpg,,,,,,,,8.0,"['all', 'berhampur', 'odisha', 'tara tarini temple', 'temple']"
Badaghagara Waterfall,Odisha,Keonjhar,Waterfall,4.3,0.0,1.0,Morning,badaghagara__keonjhar_odisha,https://upload.wikimedia.org/wikipedia/commons/5/55/Badaghagara_Kendujhar.jpg,,,,,,,,8.0,"['badaghagara waterfall', 'keonjhar', 'morning', 'odisha', 'waterfall']"
Chandipur Beach,Odisha,Balasore,Beach,4.2,0.0,1.5,Morning,chandipur__balasore_odisha,https://static.toiimg.com/photo/47121490.cms,,,,,,,,8.0,"['balasore', 'beach', 'chandipur beach', 'morning', 'odisha']"
Sanaghagara Waterfall,Odisha,Kendujhar,Waterfall,4.4,0.0,1.0,All,sanaghagara__kendujhar_odisha,https://dynamic-media-cdn.tripadvisor.com/media/photo-o/08/72/da/1c/sanaghagara-waterfall.jpg?w=1200&h=1200&s=1,,,,,,,,8.0,"['all', 'kendujhar', 'odisha', 'sanaghagara waterfall', 'waterfall']"
Marina Beach,Tamil Nadu,Chennai,Beach,3.9,0.0,1.5,Morning,marina__chennai_tamil_nadu,https://upload.wikimedia.org/wikipedia/commons/d/d9/Chennai_-_bird%27s-eye_view.jpg,,,,,,,,8.0,"['beach', 'chennai', 'marina beach', 'morning', 'tamil nadu']"
Meenakshi Amman Temple,Tamil Nadu,Madurai,Temple,4.7,0.0,2.0,All,meenakshi_amman__madurai_tamil_nadu,https://lookaside.instagram.com/seo/google_widget/crawler/?media_id=3539467584758186787,,,,,,,,8.0,"['all', 'madurai', 'meenakshi amman temple', 'tamil nadu', 'temple']"
Ramanathaswamy Temple,Tamil Nadu,Rameswaram,Temple,4.6,0.0,1.5,All,ramanathaswamy__rameswaram_tamil_nadu,https://upload.wikimedia.org/wikipedia/commons/thumb/8/84/Ramanathaswamy_temple7.JPG/1200px-Ramanathaswamy_temple7.JPG,,,,,,,,8.0,"['all', 'ramanathaswamy temple', 'rameswaram', 'tamil nadu', 'temple']"
Vivekananda Rock Memorial,Tamil Nadu,Kanyakumari,Memorial,4.6,20.0,1.0,Morning,vivekananda_rock__kanyakumari_tamil_nadu,https://upload.wikimedia.org/wikipedia/commons/b/b6/RockMemorial.jpg,,,,,,,,8.0,"['kanyakumari', 'memorial', 'morning', 'tamil nadu', 'vivekananda rock memorial']"
Ooty Lake,Tamil Nadu,Ooty,Lake,4.1,10.0,1.0,Morning,ooty__ooty_tamil_nadu,https://dynamic-media-cdn.tripadvisor.com/media/photo-o/11/72/6e/a0/ooty-lake.jpg?w=1200&h=1200&s=1,11.410666,76.69163999999999,"Boat rides, Toy-train ride (Nilgiri Mountain Railway), Viewpoint visits, Tea estate tours","Less-crowded viewpoints around Doddabetta, Estate homestays away from town centre",Coimbatore International Airport,Mettupalayam (for Nilgiri Mountain Railway) / Coimbatore,"South Indian tiffin items, Local bakery products, Fresh hill vegetables-based dishes",8.0,"['boat rides', 'lake', 'morning', 'ooty', 'ooty lake', 'tamil nadu', 'tea estate tours', 'toy-train ride (nilgiri mountain railway)', 'viewpoint visits']"
Marudamalai Temple,Tamil Nadu,Coimbatore,Temple,4.7,0.0,1.0,All,marudamalai__coimbatore_tamil_nadu,https://upload.wikimedia.org/wikipedia/commons/4/46/Maruthamalai_Rajagopuram_1.jpg,,,,,,,,8.0,"['all', 'coimbatore', 'marudamalai temple', 'tamil nadu', 'temple']"
Kodaikanal Lake,Tamil Nadu,Kodaikanal,Lake,3.9,0.0,2.0,Morning,kodaikanal__kodaikanal_tamil_nadu,https://upload.wikimedia.org/wikipedia/commons/c/c4/Kodaikanal_lake.jpg,,,,,,,,8.0,"['kodaikanal', 'kodaikanal lake', 'lake', 'morning', 'tamil nadu']"
Brihadeeswarar Temple,Tamil Nadu,Thanjavur,Temple,4.8,0.0,1.5,All,brihadeeswarar__thanjavur_tamil_nadu,https://cdn.britannica.com/66/250066-050-B34A9532/Brihadishvara-Temple-Thanjavur-Tamil-Nadu-India.jpg,,,,,,,,8.0,"['all', 'brihadeeswarar temple', 'tamil nadu', 'temple', 'thanjavur']"
Shore Temple,Tamil Nadu,Mahabalipuram,Temple,4.6,40.0,1.0,All,shore__mahabalipuram_tamil_nadu,https://upload.wikimedia.org/wikipedia/commons/7/74/Shore_Temple_-Mamallapuram_-Tamil_Nadu_-N-TN-C55.jpg,,,,,,,,8.0,"['all', 'mahabalipuram', 'shore temple', 'tamil nadu', 'temple']"
Yercaud Lake,Tamil Nadu,Yercaud,Lake,4.2,0.0,1.0,Morning,yercaud__yercaud_tamil_nadu,https://dynamic-media-cdn.tripadvisor.com/media/photo-o/11/13/4d/52/20171022120346-img-1018.jpg?w=1200&h=-1&s=1,,,,,,,,8.0,"['lake', 'morning', 'tamil nadu', 'yercaud', 'yercaud lake']"
Nellaiappar Temple,Tamil Nadu,Tirunelveli,Temple,4.6,0.0,1.0,All,nellaiappar__tirunelveli_tamil_nadu,https://upload.wikimedia.org/wikipedia/commons/b/b8/Tirnelveli_Gandhimathiamman_Temple_Tower.JPG,,,,,,,,8.0,"['all', 'nellaiappar temple', 'tamil nadu', 'temple', 'tirunelveli']"
Nataraja Temple,Tamil Nadu,Chidambaram,Temple,4.7,0.0,1.0,All,nataraja__chidambaram_tamil_nadu,https://upload.wikimedia.org/wikipedia/commons/4/44/Le_temple_de_Shiva_Nataraja_%28Chidambaram%2C_Inde%29_%2814037020332%29.jpg,,,,,,,,8.0,"['all', 'chidambaram', 'nataraja temple', 'tamil nadu', 'temple']"
Kanaka Durga Temple,Andhra Pradesh,Vijayawada,Temple,4.7,0.0,1.0,All,kanaka_durga__vijayawada_andhra_pradesh,https://upload.wikimedia.org/wikipedia/commons/b/ba/Kanakadurga_Temple_gopuram.jpg,,,,,,,,8.0,"['all', 'andhra pradesh', 'kanaka durga temple', 'temple', 'vijayawada']"
Rishikonda Beach,Andhra Pradesh,Visakhapatnam,Beach,4.5,0.0,1.5,Morning,rishikonda__visakhapatnam_andhra_pradesh,https://upload.wikimedia.org/wikipedia/commons/a/a5/Rushikonda_beach_view_001.jpg,,,,,,,,8.0,"['andhra pradesh', 'beach', 'morning', 'rishikonda beach', 'visakhapatnam']"
Mallikarjuna Swamy Temple,Andhra Pradesh,Srisailam,Temple,4.7,0.0,1.0,All,mallikarjuna_swamy__srisailam_andhra_pradesh,https://upload.wikimedia.org/wikipedia/commons/c/c0/Srisailam.jpg,,,,,,,,8.0,"['all', 'andhra pradesh', 'mallikarjuna swamy temple', 'srisailam', 'temple']"
Papikondalu,Andhra Pradesh,Rajahmundry,Hill,4.3,0.0,2.0,All,papikondalu_rajahmundry_andhra_pradesh,https://papikondalu.net.in/assets/images/papikondalu-tour-1200x800.jpg,,,,,,,,8.0,"['all', 'andhra pradesh', 'hill', 'papikondalu', 'rajahmundry']"
Lepakshi,Andhra Pradesh,Anantapur,Site,4.6,0.0,1.5,All,lepakshi_anantapur_andhra_pradesh,https://upload.wikimedia.org/wikipedia/commons/thumb/0/0a/Front_side_of_Veerabhadra_Temple%2C_Lepakshi.jpg/1200px-Front_side_of_Veerabhadra_Temple%2C_Lepakshi.jpg,,,,,,,,8.0,"['all', 'anantapur', 'andhra pradesh', 'lepakshi', 'site']"
Belum Caves,Andhra Pradesh,Kurnool,Cave,4.4,65.0,1.5,Afternoon,belum_caves_kurnool_andhra_pradesh,https://dynamic-media-cdn.tripadvisor.com/media/photo-o/11/1c/95/33/group-outing-belum-caves3.jpg?w=1200&h=-1&s=1,,,,,,,,8.0,"['afternoon', 'andhra pradesh', 'belum caves', 'cave', 'kurnool']"
Amaravathi Temple,Andhra Pradesh,Amravati,Temple,4.7,0.0,1.0,All,amaravathi__amravati_andhra_pradesh,https://s7ap1.scene7.com/is/image/incredibleindia/amaralingeshwara-temple-amaravati-andhra-pradesh-1-attr-hero?qlt=82&ts=1726743722820,,,,,,,,8.0,"['all', 'amaravathi temple', 'amravati', 'andhra pradesh', 'temple']"
Uppalapadu Bird Sanctuary,Andhra Pradesh,Guntur,Bird Sanctuary,4.4,10.0,1.0,All,uppalapadu_bird__guntur_andhra_pradesh,https://dynamic-media-cdn.tripadvisor.com/media/photo-o/08/5f/02/90/uppalapadu-bird-sanctuary.jpg?w=1200&h=-1&s=1,,,,,,,,8.0,"['all', 'andhra pradesh', 'bird sanctuary', 'guntur', 'uppalapadu bird sanctuary']"
Gandikota Fort,Andhra Pradesh,Kadapa,Fort,4.5,0.0,1.5,Morning,gandikota__kadapa_andhra_pradesh,https://dynamic-media-cdn.tripadvisor.com/media/photo-o/15/4a/20/f2/grand-canyon-of-india.jpg?w=1200&h=1200&s=1,,,,,,,,8.0,"['andhra pradesh', 'fort', 'gandikota fort', 'kadapa', 'morning']"
Prasanthi Nilayam,Andhra Pradesh,Puttaparthi,Spiritual Center,4.7,0.0,1.0,All,prasanthi_nilayam_puttaparthi_andhra_pradesh,https://upload.wikimedia.org/wikipedia/commons/d/da/Sri_Sathya_Sai_Baba_Mahasamadhi_at_Sai_Kulwant_Hall.jpg,,,,,,,,8.0,"['all', 'andhra pradesh', 'prasanthi nilayam', 'puttaparthi', 'spiritual center']"
Simhachalam Temple,Andhra Pradesh,Vizianagaram,Temple,4.7,0.0,1.0,All,simhachalam__vizianagaram_andhra_pradesh,https://upload.wikimedia.org/wikipedia/commons/1/18/Simhachalam_temple_from_a_hilltop.jpg,,,,,,,,8.0,"['all', 'andhra pradesh', 'simhachalam temple', 'temple', 'vizianagaram']"
Kailasagiri,Andhra Pradesh,Visakhapatnam,Hill,4.5,0.0,2.0,All,kailasagiri_visakhapatnam_andhra_pradesh,https://upload.wikimedia.org/wikipedia/commons/7/7a/Kailasagiri.jpg,,,,,,,,8.0,"['all', 'andhra pradesh', 'hill', 'kailasagiri', 'visakhapatnam']"
Submarine Museum,Andhra Pradesh,Visakhapatnam,Museum,4.6,40.0,1.0,All,submarine__visakhapatnam_andhra_pradesh,https://upload.wikimedia.org/wikipedia/commons/thumb/3/34/Submarine_Museum.JPG/1200px-Submarine_Museum.JPG,,,,,,,,8.0,"['all', 'andhra pradesh', 'museum', 'submarine museum', 'visakhapatnam']"
Borra Caves,Andhra Pradesh,Visakhapatnam,Cave,4.5,60.0,2.0,Afternoon,borra_caves_visakhapatnam_andhra_pradesh,https://dynamic-media-cdn.tripadvisor.com/media/photo-o/0f/9d/80/6a/borra-caves.jpg?w=1200&h=1200&s=1,,,,,,,,8.0,"['afternoon', 'andhra pradesh', 'borra caves', 'cave', 'visakhapatnam']"
War Memorial,Andhra Pradesh,Visakhapatnam,War Memorial,4.6,0.0,1.0,All,war__visakhapatnam_andhra_pradesh,https://placehold.co/800x600/png?text=Voyara,,,,,,,,8.0,"['all', 'andhra pradesh', 'visakhapatnam', 'war memorial']"
Indira Gandhi Zoological Park,Andhra Pradesh,Visakhapatnam,Zoo,4.1,20.0,2.0,Afternoon,indira_gandhi_zoological__visakhapatnam_andhra_pradesh,https://placehold.co/800x600/png?text=Voyara,,,,,,,,8.0,"['afternoon', 'andhra pradesh', 'indira gandhi zoological park', 'visakhapatnam', 'zoo']"
Matsyadarshini Aquarium,Andhra Pradesh,Visakhapatnam,Aquarium,3.8,20.0,1.0,All,matsyadarshini_aquarium_visakhapatnam_andhra_pradesh,https://placehold.co/800x600/png?text=Voyara,,,,,,,,8.0,"['all', 'andhra pradesh', 'aquarium', 'matsyadarshini aquarium', 'visakhapatnam']"
Visakha Museum,Andhra Pradesh,Visakhapatnam,Museum,4.3,10.0,1.0,All,visakha__visakhapatnam_andhra_pradesh,https://placehold.co/800x600/png?text=Voyara,,,,,,,,8.0,"['all', 'andhra pradesh', 'museum', 'visakha museum', 'visakhapatnam']"
Nathula Pass,Sikkim,Gangtok,Hill,4.3,20.0,2.0,Afternoon,nathula_pass_gangtok_sikkim,https://dynamic-media-cdn.tripadvisor.com/media/photo-o/02/3c/94/7e/pass-of-listening-ears.jpg?w=900&h=500&s=1,,,,,,,,8.0,"['afternoon', 'gangtok', 'hill', 'nathula pass', 'sikkim']"
Pemayangtse Monastery,Sikkim,Pelling,Monastery,4.6,20.0,1.0,Morning,pemayangtse_monastery_pelling_sikkim,https://dynamic-media-cdn.tripadvisor.com/media/photo-o/09/39/80/4e/pemayangtse-monastery.jpg?w=900&h=500&s=1,,,,,,,,8.0,"['monastery', 'morning', 'pelling', 'pemayangtse monastery', 'sikkim']"
Char Dham,Sikkim,Namchi,Religious Complex,4.7,50.0,2.0,All,char_dham_namchi_sikkim,https://www.dealswithai.com/assets/images/2024-05-29-02-01-11-Chardham-Yatra.jpg,,,,,,,,8.0,"['all', 'char dham', 'namchi', 'religious complex', 'sikkim']"
Rumtek Monastery,Sikkim,Gangtok,Monastery,4.6,10.0,1.0,Morning,rumtek_monastery_gangtok_sikkim,https://upload.wikimedia.org/wikipedia/commons/e/e5/Vikramjit-Kakati-Rumtek.jpg,,,,,,,,8.0,"['gangtok', 'monastery', 'morning', 'rumtek monastery', 'sikkim']"
Buddha Park,Sikkim,Ravangla,Park,4.8,50.0,1.0,All,buddha__ravangla_sikkim,https://dynamic-media-cdn.tripadvisor.com/media/photo-o/16/ef/73/74/awesomeness-overloaded.jpg?w=900&h=500&s=1,,,,,,,,8.0,"['all', 'buddha park', 'park', 'ravangla', 'sikkim']"
Baba Harbhajan Singh Temple,Sikkim,Gangtok,Temple,4.7,0.0,1.0,All,baba_harbhajan_singh__gangtok_sikkim,https://placehold.co/800x600/png?text=Voyara,,,,,,,,8.0,"['all', 'baba harbhajan singh temple', 'gangtok', 'sikkim', 'temple']"
Tsomgo Lake,Sikkim,Gangtok,Lake,4.5,0.0,2.0,Morning,tsomgo__gangtok_sikkim,https://placehold.co/800x600/png?text=Voyara,,,,,,,,8.0,"['gangtok', 'lake', 'morning', 'sikkim', 'tsomgo lake']"
Kamakhya Temple,Assam,Guwahati,Temple,4.6,0.0,2.0,All,kamakhya__guwahati_assam,https://upload.wikimedia.org/wikipedia/commons/thumb/d/dc/Kamakhya_Temple%2C_Guwahati.jpg/1200px-Kamakhya_Temple%2C_Guwahati.jpg,,,,,,,,8.0,"['all', 'assam', 'guwahati', 'kamakhya temple', 'temple']"
Kaziranga National Park,Assam,Kaziranga,National Park,4.5,650.0,3.0,Morning,kaziranga__kaziranga_assam,https://upload.wikimedia.org/wikipedia/commons/f/fe/Beauty_of_Kaziranga_National_Park.jpg,,,,,,,,8.0,"['assam', 'kaziranga', 'kaziranga national park', 'morning', 'national park']"
Umananda Island,Assam,Guwahati,Island,4.1,0.0,1.0,Morning,umananda_island_guwahati_assam,https://upload.wikimedia.org/wikipedia/commons/4/4b/Umananda_Island%2C_Guwahati_%284%29.jpg,,,,,,,,8.0,"['assam', 'guwahati', 'island', 'morning', 'umananda island']"
Sivasagar Sivadol,Assam,Sivasagar,Temple,4.7,0.0,1.0,All,sivasagar_sivadol_sivasagar_assam,https://upload.wikimedia.org/wikipedia/commons/7/79/Siva_Dol.JPG,,,,,,,,8.0,"['all', 'assam', 'sivasagar', 'sivasagar sivadol', 'temple']"
Majuli Island,Assam,Majuli,River Island,4.7,0.0,2.0,Morning,majuli_island_majuli_assam,https://upload.wikimedia.org/wikipedia/commons/c/cb/Doriya_River_of_Majuli.jpg,,,"Satra visits and performances, Cycling around island roads, Village and paddy-field walks, Birdwatching","Remote satras with fewer visitors, Homestays in stilt houses in villages",Jorhat Airport,Jorhat Town / Mariani,"Assamese thali, Fish curries, Pitha (rice cakes)",8.0,"['assam', 'birdwatching', 'cycling around island roads', 'majuli', 'majuli island', 'morning', 'river island', 'satra visits and performances', 'village and paddy-field walks']"
Manas National Park,Assam,Manas,National Park,4.6,500.0,3.0,Morning,manas__manas_assam,https://upload.wikimedia.org/wikipedia/commons/d/d8/Manas_National_Park.jpg,,,,,,,,8.0,"['assam', 'manas', 'manas national park', 'morning', 'national park']"
Hayagriva Madhava Temple,Assam,Hajo,Temple,4.5,0.0,1.0,All,hayagriva_madhava__hajo_assam,https://upload.wikimedia.org/wikipedia/commons/c/c7/Hagriva_Madhava_Temple_side_view2.jpg,,,,,,,,8.0,"['all', 'assam', 'hajo', 'hayagriva madhava temple', 'temple']"
Pobitora Wildlife Sanctuary,Assam,Guwahati,Wildlife Sanctuary,4.4,500.0,2.0,All,pobitora__guwahati_assam,https://upload.wikimedia.org/wikipedia/commons/8/82/Indian_Rhino_in_Pobitora.jpg,,,,,,,,8.0,"['all', 'assam', 'guwahati', 'pobitora wildlife sanctuary', 'wildlife sanctuary']"
Tawang Monastery,Arunachal Pradesh,Tawang,Monastery,4.7,0.0,2.0,Morning,tawang_monastery_tawang_arunachal_pradesh,https://upload.wikimedia.org/wikipedia/commons/2/2a/Tawang_Monastery_%28Tibetan_Buddhist%29.jpg,,,,,,,,8.0,"['arunachal pradesh', 'monastery', 'morning', 'tawang', 'tawang monastery']"
Ujjayanta Palace,Tripura,Agartala,Palace,4.5,10.0,1.5,All,ujjayanta__agartala_tripura,https://upload.wikimedia.org/wikipedia/commons/c/c8/Ujjayanta_palace_Tripura_State_Museum_Agartala_India.jpg,,,,,,,,8.0,"['agartala', 'all', 'palace', 'tripura', 'ujjayanta palace']"
Dumboor Lake,Tripura,Dumboor,Lake,4.5,0.0,1.0,Morning,dumboor__dumboor_tripura,https://dynamic-media-cdn.tripadvisor.com/media/photo-o/0a/9e/e0/9c/dumbor-lake.jpg?w=1200&h=-1&s=1,,,,,,,,8.0,"['dumboor', 'dumboor lake', 'lake', 'morning', 'tripura']"
Unakoti Rock Carvings,Tripura,Unakoti,Rock Carvings,4.5,20.0,1.5,Morning,unakoti_rock_carvings_unakoti_tripura,https://upload.wikimedia.org/wikipedia/commons/f/f0/Unakoti_3.jpg,,,,,,,,8.0,"['morning', 'rock carvings', 'tripura', 'unakoti', 'unakoti rock carvings']"
Chitrakote Falls,Chhattisgarh,Bastar,Waterfall,4.6,0.0,1.5,Morning,chitrakote__bastar_chhattisgarh,https://upload.wikimedia.org/wikipedia/commons/9/91/Chitrakot_waterfalls.JPG,,,"Waterfall viewing, Boat rides (seasonal), Short walks and photography","Less-used viewpoints offering different angles of the falls, Nearby smaller falls and natural spots (local guidance needed)",Jagdalpur (limited) / Raipur,Jagdalpur,"Local tribal-inspired dishes (where available), Chhattisgarhi thalis",7.0,"['bastar', 'boat rides (seasonal)', 'chhattisgarh', 'chitrakote falls', 'morning', 'short walks and photography', 'waterfall', 'waterfall viewing']"
Dzükou Valley,Nagaland,Dzükou Valley,Valley,4.7,0.0,3.0,Afternoon,dzükou_valley_dzükou_valley_nagaland,https://placehold.co/800x600/png?text=Voyara,,,,,,,,8.0,"['afternoon', 'dzükou valley', 'nagaland', 'valley']"
Promenade Beach,Puducherry,Puducherry,Beach,4.5,0.0,1.0,Morning,promenade__puducherry_puducherry,https://static.toiimg.com/photo/48552994.cms,,,,,,,,8.0,"['beach', 'morning', 'promenade beach', 'puducherry']"
Auroville,Puducherry,Auroville,Township,4.1,0.0,2.0,All,auroville_auroville_puducherry,https://upload.wikimedia.org/wikipedia/commons/thumb/c/c2/Auroville.JPG/1200px-Auroville.JPG,,,,,,,,8.0,"['all', 'auroville', 'puducherry', 'township']"
Paradise Beach,Puducherry,Puducherry,Beach,4.5,200.0,1.0,Morning,paradise__puducherry_puducherry,https://www.paradisebeachcozumel.com/sites/default/files/styles/565_675_focal_point/public/2024-01/sup-fun-pass-paradise-beach-cozumel.png.webp?itok=yJHeAnrJ,,,,,,,,8.0,"['beach', 'morning', 'paradise beach', 'puducherry']"
Cellular Jail,Andaman and Nicobar Islands,Port Blair,Landmark,4.7,30.0,1.5,Afternoon,cellular_jail_port_blair_andaman_and_nicobar_islands,https://upload.wikimedia.org/wikipedia/commons/f/fe/Front_View_of_Cellular_Jail%2C_Port_Blair.JPG,,,,,,,,8.0,"['afternoon', 'andaman and nicobar islands', 'cellular jail', 'landmark', 'port blair']"
Radhanagar Beach,Andaman and Nicobar Islands,Havelock Island,Beach,4.8,0.0,1.0,Morning,radhanagar__havelock_island_andaman_and_nicobar_islands,https://dynamic-media-cdn.tripadvisor.com/media/photo-o/03/89/e9/f8/radhanagar-beach.jpg?w=900&h=500&s=1,,,,,,,,8.0,"['andaman and nicobar islands', 'beach', 'havelock island', 'morning', 'radhanagar beach']"
Bharatpur Beach,Andaman and Nicobar Islands,Neil Island,Beach,4.5,0.0,1.0,Morning,bharatpur__neil_island_andaman_and_nicobar_islands,http://be.discoverandaman.in/storage/uploads/2024/2/8e7965b3-74e6-478a-bcda-088346037edd.jpeg,,,,,,,,8.0,"['andaman and nicobar islands', 'beach', 'bharatpur beach', 'morning', 'neil island']"
Limestone Caves,Andaman and Nicobar Islands,Baratang Island,Natural Feature,4.4,250.0,1.5,Morning,limestone_caves_baratang_island_andaman_and_nicobar_islands,https://media.australian.museum/media/dd/images/Ishigaki_ishigakijima_limestone_cave.8181618.width-800.6104bde.jpg,,,,,,,,8.0,"['andaman and nicobar islands', 'baratang island', 'limestone caves', 'morning', 'natural feature']"
Naida Caves,Daman and Diu,Diu,Cave,4.5,0.0,1.0,Afternoon,naida_caves_diu_daman_and_diu,https://dynamic-media-cdn.tripadvisor.com/media/photo-o/0d/a3/00/53/img-20161116-140018-largejpg.jpg?w=1200&h=-1&s=1,,,,,,,,8.0,"['afternoon', 'cave', 'daman and diu', 'diu', 'naida caves']"
Diu Fort,Daman and Diu,Diu,Fort,4.6,0.0,1.5,Afternoon,diu__diu_daman_and_diu,https://dynamic-media-cdn.tripadvisor.com/media/photo-o/10/53/f4/8e/beutiful-place.jpg?w=900&h=500&s=1,,,,,,,,8.0,"['afternoon', 'daman and diu', 'diu', 'diu fort', 'fort']"
Baba Baidyanath Temple,Jharkhand,Deoghar,Temple,4.7,0.0,1.0,All,baba_baidyanath__deoghar_jharkhand,https://upload.wikimedia.org/wikipedia/commons/e/e2/Baba_Dham.jpg,,,,,,,,8.0,"['all', 'baba baidyanath temple', 'deoghar', 'jharkhand', 'temple']"
Pahari Mandir,Jharkhand,Ranchi,Temple,4.6,0.0,1.0,All,pahari_mandir_ranchi_jharkhand,https://upload.wikimedia.org/wikipedia/commons/0/0d/Pahari_Mandir_-_Ranchi_Hill_9243.JPG,,,,,,,,8.0,"['all', 'jharkhand', 'pahari mandir', 'ranchi', 'temple']"
Mahabodhi Temple,Bihar,Bodh Gaya,Temple,4.7,0.0,1.5,All,mahabodhi__bodh_gaya_bihar,https://whc.unesco.org/uploads/thumbs/site_1056_0001-750-750-20120601152647.jpg,,,,,,,,8.0,"['all', 'bihar', 'bodh gaya', 'mahabodhi temple', 'temple']"
Sanjay Gandhi Biological Park,Bihar,Patna,Zoo,4.3,30.0,2.5,All,sanjay_gandhi_biological__patna_bihar,https://upload.wikimedia.org/wikipedia/commons/thumb/f/f1/Sanjay_Gandhi_Jaivik_Udyan.jpg/1200px-Sanjay_Gandhi_Jaivik_Udyan.jpg,,,,,,,,8.0,"['all', 'bihar', 'patna', 'sanjay gandhi biological park', 'zoo']"
Takhat Shri Harimandir Ji Patna Sahib,Bihar,Patna,Gurudwara,4.7,0.0,1.0,All,takhat_shri_harimandir_ji_patna_sahib_patna_bihar,https://tourism.bihar.gov.in/content/dam/bihar-tourism/images/category_a/patna/takht_sri_harmandir_sahib/20.%20Takhat-Sri-Harimandir-Ji.jpg/jcr:content/renditions/cq5dam.web.480.480.jpeg,,,,,,,,8.0,"['all', 'bihar', 'gurudwara', 'patna', 'takhat shri harimandir ji patna sahib']"
Budhha Smriti Park,Bihar,Patna,Park,4.4,10.0,1.0,All,budhha_smriti__patna_bihar,https://upload.wikimedia.org/wikipedia/commons/1/1a/Buddha_Smriti_Park.jpg,,,,,,,,8.0,"['all', 'bihar', 'budhha smriti park', 'park', 'patna']"
Kingdom of Dreams,Haryana,Gurugram,Entertainment,4.4,1100.0,3.0,Afternoon,kingdom_of_dreams_gurugram_haryana,https://upload.wikimedia.org/wikipedia/commons/6/68/Culture_Gully_and_Nautanki_Mahal_auditorium%2C_Kingdom_of_Dreams%2C_Gurgaon.jpg,,,,,,,,8.0,"['afternoon', 'entertainment', 'gurugram', 'haryana', 'kingdom of dreams']"
Ambience Mall,Haryana,Gurugram,Mall,4.6,0.0,2.0,Afternoon,ambience_mall_gurugram_haryana,https://upload.wikimedia.org/wikipedia/commons/6/62/Mango_atrium_at_Ambience_Mall%2C_Gurgaon.jpg,,,,,,,,8.0,"['afternoon', 'ambience mall', 'gurugram', 'haryana', 'mall']"
DLF CyberHub,Haryana,Gurugram,Commercial Complex,4.7,0.0,2.0,Afternoon,dlf_cyberhub_gurugram_haryana,https://dynamic-media-cdn.tripadvisor.com/media/photo-o/0f/b8/e2/a4/photo5jpg.jpg?w=1200&h=-1&s=1,,,,,,,,8.0,"['afternoon', 'commercial complex', 'dlf cyberhub', 'gurugram', 'haryana']"
Gurudwara Bangla Sahib,Delhi,New Delhi,Gurudwara,4.8,0.0,1.0,All,gurudwara_bangla_sahib_new_delhi_delhi,https://upload.wikimedia.org/wikipedia/commons/thumb/4/49/Front_view_of_Gurudwara_Bangla_Sahib%2C_Delhi.jpg/800px-Front_view_of_Gurudwara_Bangla_Sahib%2C_Delhi.jpg,,,,,,,,8.0,"['all', 'delhi', 'gurudwara', 'gurudwara bangla sahib', 'new delhi']"
Kedarnath,Uttarakhand,Kedarnath,Temple,4.8,0.0,1.5,All,kedarnath_kedarnath_uttarakhand,https://badrinath-kedarnath.gov.in/css_js_2024/img/kedarnath-4k.jpg,,,,,,,,8.0,"['all', 'kedarnath', 'temple', 'uttarakhand']"
DLF Mall of India,Uttar Pradesh,Noida,Mall,4.6,0.0,2.0,All,dlf_mall_of_india_noida_uttar_pradesh,https://upload.wikimedia.org/wikipedia/commons/3/3f/DLF_Mall_of_India.jpg,,,,,,,,8.0,"['all', 'dlf mall of india', 'mall', 'noida', 'uttar pradesh']"
The Grand Venice Mall,Uttar Pradesh,Greater Noida,Mall,4.2,0.0,2.0,All,grand_venice_mall_greater_noida_uttar_pradesh,https://placehold.co/800x600/png?text=Voyara,,,,,,,,8.0,"['all', 'greater noida', 'mall', 'the grand venice mall', 'uttar pradesh']"
Nandankanan Zoological Park,Odisha,Bhubaneswar,Zoo,4.4,50.0,3.0,Afternoon,nandankanan_zoological__bhubaneswar_odisha,https://placehold.co/800x600/png?text=Voyara,,,,,,,,8.0,"['afternoon', 'bhubaneswar', 'nandankanan zoological park', 'odisha', 'zoo']"
Orion Mall,Karnataka,Bengaluru,Mall,4.5,0.0,2.0,All,orion_mall_bengaluru_karnataka,https://placehold.co/800x600/png?text=Voyara,,,,,,,,8.0,"['all', 'bengaluru', 'karnataka', 'mall', 'orion mall']"
Inorbit Mall Cyberabad,Telangana,Hyderabad,Mall,4.5,0.0,2.0,All,inorbit_mall_cyberabad_hyderabad_telangana,https://placehold.co/800x600/png?text=Voyara,,,,,,,,8.0,"['all', 'hyderabad', 'inorbit mall cyberabad', 'mall', 'telangana']"
Jama Masjid,Delhi,New Delhi,Mosque,4.5,0.0,1.0,All,jama_masjid_new_delhi_delhi,https://placehold.co/800x600/png?text=Voyara,,,,,,,,8.0,"['all', 'delhi', 'jama masjid', 'mosque', 'new delhi']"
Buddh International Circuit,Uttar Pradesh,Greater Noida,Race Track,4.6,1500.0,2.0,All,buddh_inter_circuit_greater_noida_uttar_pradesh,https://placehold.co/800x600/png?text=Voyara,,,,,,,,8.0,"['all', 'buddh international circuit', 'greater noida', 'race track', 'uttar pradesh']"
Phoenix Palassio,Uttar Pradesh,Lucknow,Mall,4.6,0.0,2.0,All,phoenix_palassio_lucknow_uttar_pradesh,https://placehold.co/800x600/png?text=Voyara,,,,,,,,8.0,"['all', 'lucknow', 'mall', 'phoenix palassio', 'uttar pradesh']"
LuLu International Shopping Mall,Kerala,Kochi,Mall,4.6,0.0,3.0,All,lulu_inter_shopping_mall_kochi_kerala,https://placehold.co/800x600/png?text=Voyara,,,,,,,,8.0,"['all', 'kerala', 'kochi', 'lulu international shopping mall', 'mall']"
Rail Museum,Delhi,New Delhi,Museum,4.4,50.0,2.0,Morning,rail__new_delhi_delhi,https://placehold.co/800x600/png?text=Voyara,,,,,,,,8.0,"['delhi', 'morning', 'museum', 'new delhi', 'rail museum']"
Living Root Bridge,Meghalaya,Cherrapunji,Natural Feature,4.6,0.0,2.0,Morning,living_root_bridge_cherrapunji_meghalaya,https://placehold.co/800x600/png?text=Voyara,,,,,,,,8.0,"['cherrapunji', 'living root bridge', 'meghalaya', 'morning', 'natural feature']"
Agra Fort,Uttar Pradesh,Agra,Fort,4.5,40.0,2.0,Afternoon,agra__agra_uttar_pradesh,https://placehold.co/800x600/png?text=Voyara,,,"Sunrise Taj Mahal visit, Fort tours, Yamuna riverside views, Heritage walks","Mehtab Bagh at sunset, Less-known viewpoints along Yamuna",Agra Airport (Pandit Deen Dayal Upadhyay),Agra Cantt,"Petha sweets, Mughlai dishes",8.0,"['afternoon', 'agra', 'agra fort', 'fort', 'fort tours', 'heritage walks', 'sunrise taj mahal visit', 'uttar pradesh', 'yamuna riverside views']"
Madhya Pradesh Tribal Museum,Madhya Pradesh,Bhopal,Museum,4.7,10.0,2.0,All,madhya_pradesh_tribal__bhopal_madhya_pradesh,https://placehold.co/800x600/png?text=Voyara,,,,,,,,8.0,"['all', 'bhopal', 'madhya pradesh', 'madhya pradesh tribal museum', 'museum']"
Albert Hall Museum,Rajasthan,Jaipur,Museum,4.5,200.0,2.0,All,albert_hall__jaipur_rajasthan,https://placehold.co/800x600/png?text=Voyara,,,,,,,,8.0,"['albert hall museum', 'all', 'jaipur', 'museum', 'rajasthan']"
Backwaters,,,Natural,4.665697674418604,0.0,2.0,Morning,backwaters__,https://placehold.co/800x600/png?text=Voyara,9.493475,76.33971100000001,,,,,,8.0,"['backwaters', 'natural']"
Beas River,,,Natural,4.2,0.0,2.0,Morning,beas___,https://placehold.co/800x600/png?text=Voyara,32.245561,77.193695,,,,,,8.0,"['beas river', 'natural']"
Botanical Garden,,,Natural,4.383832335329341,0.0,2.0,Morning,botanical___,https://placehold.co/800x600/png?text=Voyara,11.41101,76.702349,,,,,,8.0,"['botanical garden', 'natural']"
Brindavan Gardens,,,Natural,4.31046511627907,0.0,2.0,Morning,brindavan_s__,https://placehold.co/800x600/png?text=Voyara,12.425598,76.56819300000001,,,,,,8.0,"['brindavan gardens', 'natural']"
Chamundi Hill,,,Religious,4.4100591715976325,0.0,2.0,Morning,chamundi___,https://placehold.co/800x600/png?text=Voyara,12.268626,76.67197300000001,,,,,,8.0,"['chamundi hill', 'religious']"
Chhatrapati Shivaji Museum,,,Cultural,4.445348837209303,0.0,2.0,Morning,chhatrapati_shivaji___,https://placehold.co/800x600/png?text=Voyara,18.930374,72.835295,,,,,,8.0,"['chhatrapati shivaji museum', 'cultural']"
Doddabetta Peak,,,Natural,4.239411764705882,0.0,2.0,Morning,doddabetta_peak__,https://placehold.co/800x600/png?text=Voyara,11.394767,76.736744,,,,,,8.0,"['doddabetta peak', 'natural']"
Durgakund Temple,,,Religious,4.299447513812155,0.0,2.0,Morning,durgakund___,https://placehold.co/800x600/png?text=Voyara,25.2961,82.993176,,,,,,8.0,"['durgakund temple', 'religious']"
Durgiana Temple,,,Religious,4.385380116959064,0.0,2.0,Morning,durgiana___,https://placehold.co/800x600/png?text=Voyara,31.620694,74.861919,,,,,,8.0,"['durgiana temple', 'religious']"
Emerald Lake,,,Natural,3.9857142857142858,0.0,2.0,Morning,emerald___,https://placehold.co/800x600/png?text=Voyara,11.440126,76.722871,,,,,,8.0,"['emerald lake', 'natural']"
Gandhi Museum,,,Cultural,4.19367816091954,0.0,2.0,Morning,gandhi___,https://placehold.co/800x600/png?text=Voyara,9.918626,78.11224,,,,,,8.0,"['cultural', 'gandhi museum']"
Gulmarg Gondola,,,Natural,4.65421686746988,0.0,2.0,Morning,gulmarg_gondola__,https://placehold.co/800x600/png?text=Voyara,34.055245000000006,74.383946,,,,,,8.0,"['gulmarg gondola', 'natural']"
Hadimba Temple,,,Religious,4.468452380952381,0.0,2.0,Morning,hadimba___,https://placehold.co/800x600/png?text=Voyara,32.242655000000006,77.193068,,,,,,8.0,"['hadimba temple', 'religious']"
Hazratbal Shrine,,,Religious,4.501775147928994,0.0,2.0,Morning,hazratbal_shrine__,https://placehold.co/800x600/png?text=Voyara,34.128423,74.831554,,,,,,8.0,"['hazratbal shrine', 'religious']"
Jal Mahal,,,Natural,4.1969879518072295,0.0,2.0,Morning,jal_mahal__,https://placehold.co/800x600/png?text=Voyara,26.955289,75.846582,,,,,,8.0,"['jal mahal', 'natural']"
Juhu Beach,,,Natural,3.902923976608187,0.0,2.0,Morning,juhu___,https://placehold.co/800x600/png?text=Voyara,19.083921,72.824577,,,,,,8.0,"['juhu beach', 'natural']"
Karanji Lake,,,Natural,4.094252873563218,0.0,2.0,Morning,karanji___,https://placehold.co/800x600/png?text=Voyara,12.297936,76.649413,,,,,,8.0,"['karanji lake', 'natural']"
Koodal Azhagar Temple,,,Religious,4.1159763313609465,0.0,2.0,Morning,koodal_azhagar___,https://placehold.co/800x600/png?text=Voyara,9.908945,78.116507,,,,,,8.0,"['koodal azhagar temple', 'religious']"
Krishnapuram Palace,,,Historic,4.093604651162791,0.0,2.0,Morning,krishnapuram___,https://placehold.co/800x600/png?text=Voyara,9.157391,76.52899400000001,,,,,,8.0,"['historic', 'krishnapuram palace']"
Manu Temple,,,Religious,4.034857142857143,0.0,2.0,Morning,manu___,https://placehold.co/800x600/png?text=Voyara,32.261777,77.17483,,,,,,8.0,"['manu temple', 'religious']"
Marari Beach,,,Natural,4.403048780487805,0.0,2.0,Morning,marari___,https://placehold.co/800x600/png?text=Voyara,9.581759,76.298118,,,,,,8.0,"['marari beach', 'natural']"
Meenakshi Temple,,,Religious,4.642857142857143,0.0,2.0,Morning,meenakshi___,https://placehold.co/800x600/png?text=Voyara,9.919018,78.120913,,,,,,8.0,"['meenakshi temple', 'religious']"
Mughal Gardens,,,Natural,4.395953757225434,0.0,2.0,Morning,mughal_s__,https://placehold.co/800x600/png?text=Voyara,34.121399,74.86692000000001,,,,,,8.0,"['mughal gardens', 'natural']"
Munroe Island,,,Natural,4.244186046511628,0.0,2.0,Morning,munroe_island__,https://placehold.co/800x600/png?text=Voyara,9.098254,76.54491300000001,,,,,,8.0,"['munroe island', 'natural']"
Mysore Zoo,,,Natural,4.260818713450292,0.0,2.0,Morning,mysore_zoo__,https://placehold.co/800x600/png?text=Voyara,12.301029,76.654451,,,,,,8.0,"['mysore zoo', 'natural']"
Nahargarh Fort,,,Historic,4.371022727272727,0.0,2.0,Morning,nahargarh___,https://placehold.co/800x600/png?text=Voyara,26.947578,75.810858,,,,,,8.0,"['historic', 'nahargarh fort']"
Old Manali,,,Cultural,4.092528735632184,0.0,2.0,Morning,old_manali__,https://placehold.co/800x600/png?text=Voyara,32.26093,77.171346,,,,,,8.0,"['cultural', 'old manali']"
Ooty Toy Train,,,Cultural,4.555828220858896,0.0,2.0,Morning,ooty_toy_train__,https://placehold.co/800x600/png?text=Voyara,11.413629,76.688772,,,,,,8.0,"['cultural', 'ooty toy train']"
Pari Mahal,,,Historic,4.143274853801169,0.0,2.0,Morning,pari_mahal__,https://placehold.co/800x600/png?text=Voyara,34.081578,74.84704599999999,,,,,,8.0,"['historic', 'pari mahal']"
Partition Museum,,,Cultural,4.280434782608696,0.0,2.0,Morning,partition___,https://placehold.co/800x600/png?text=Voyara,31.630107,74.872439,,,,,,8.0,"['cultural', 'partition museum']"
Ramnagar Fort,,,Historic,4.080473372781065,0.0,2.0,Morning,ramnagar___,https://placehold.co/800x600/png?text=Voyara,25.281045,83.03627900000001,,,,,,8.0,"['historic', 'ramnagar fort']"
Rohtang Pass,,,Natural,4.4820224719101125,0.0,2.0,Morning,rohtang_pass__,https://placehold.co/800x600/png?text=Voyara,32.372213,77.250123,,,,,,8.0,"['natural', 'rohtang pass']"
Rose Garden,,,Natural,4.236571428571429,0.0,2.0,Morning,rose___,https://placehold.co/800x600/png?text=Voyara,11.416971,76.70666700000001,,,,,,8.0,"['natural', 'rose garden']"
Samanar Hills,,,Natural,3.9591954022988505,0.0,2.0,Morning,samanar_s__,https://placehold.co/800x600/png?text=Voyara,9.963703,77.968203,,,,,,8.0,"['natural', 'samanar hills']"
Sarnath,,,Historic,4.396531791907514,0.0,2.0,Morning,sarnath__,https://placehold.co/800x600/png?text=Voyara,25.375976,83.020431,,,,,,8.0,"['historic', 'sarnath']"
Shankaracharya Temple,,,Religious,4.438728323699422,0.0,2.0,Morning,shankaracharya___,https://placehold.co/800x600/png?text=Voyara,34.091097,74.85169499999999,,,,,,8.0,"['religious', 'shankaracharya temple']"
St. Philomena's Church,,,Religious,4.500546448087432,0.0,2.0,Morning,st_philomena_s___,https://placehold.co/800x600/png?text=Voyara,12.314048,76.660743,,,,,,8.0,"['religious', ""st. philomena's church""]"
Thirumalai Nayakkar Palace,,,Historic,4.264,0.0,2.0,Morning,thirumalai_nayakkar___,https://placehold.co/800x600/png?text=Voyara,9.915033,78.122395,,,,,,8.0,"['historic', 'thirumalai nayakkar palace']"
Varanasi Ghats,,,Religious,4.557627118644068,0.0,2.0,Morning,varanasi_ghats__,https://placehold.co/800x600/png?text=Voyara,25.315917,83.00995400000001,,,,,,8.0,"['religious', 'varanasi ghats']"
Goa,,,Attraction,4.3,0.0,2.0,Morning,goa__,https://placehold.co/800x600/png?text=Voyara,,,"Beach hopping, Water sports, Temple and church visits, Ayurveda spas, Nightlife, River cruise","Palolem Beach, Agonda Beach, Arambol Beach, Morjim Beach, Netravali Lake, Tambdi Surla Temple",Dabolim Airport,Margao Railway Station,"Goan fish curry rice, Prawn balchao, Pork vindaloo, Bebinca, Feni",7.0,"['ayurveda spas', 'beach hopping', 'goa', 'nightlife', 'river cruise', 'temple and church visits', 'water sports']"
Ladakh (Leh),,,Attraction,4.3,0.0,2.0,Morning,ladakh___,https://placehold.co/800x600/png?text=Voyara,,,"High-altitude trekking, Motorbike touring, River rafting (Zanskar), Monastery visits, Camping, 4x4 road trips","Turtuk (in Nubra region), Alchi Monastery, Hemis National Park, Remote villages like Hanle",Kushok Bakula Rimpochee Airport (Leh),Jammu Tawi,"Momos, Thukpa, Butter tea, Skyu, Apricot products",8.0,"['4x4 road trips', 'camping', 'high-altitude trekking', 'ladakh (leh)', 'monastery visits', 'motorbike touring', 'river rafting (zanskar)']"
Jaipur,,,Attraction,4.3,0.0,2.0,Morning,jaipur__,https://placehold.co/800x600/png?text=Voyara,,,"Fort tours, Guided heritage walks, Food walks, Shopping in bazaars, Light and sound shows","Panna Meena ka Kund, Albert Hall Museum at night, Stone observatory corners at Jantar Mantar",Jaipur International Airport,Jaipur Junction,"Dal Baati Churma, Ghewar, Kachori, Laal Maas (for non-vegetarians)",8.0,"['food walks', 'fort tours', 'guided heritage walks', 'jaipur', 'light and sound shows', 'shopping in bazaars']"
Varanasi (Kashi),,,Attraction,4.3,0.0,2.0,Morning,varanasi___,https://placehold.co/800x600/png?text=Voyara,,,"Sunrise boat ride, Evening Ganga Aarti viewing, Temple visits, Old city walking tours, Sarnath day trip","Less crowded ghats upriver, Small akharas and ashrams, Quiet lanes behind ghats",Lal Bahadur Shastri Airport,Varanasi Junction / Kashi,"Kachori-sabzi, Banarasi paan, Lassi, Street chaat",7.0,"['evening ganga aarti viewing', 'old city walking tours', 'sarnath day trip', 'sunrise boat ride', 'temple visits', 'varanasi (kashi)']"
Udaipur,,,Attraction,4.3,0.0,2.0,Morning,udaipur__,https://placehold.co/800x600/png?text=Voyara,,,"Boat rides, Palace tours, Sunset viewpoints, Heritage walks","Monsoon Palace (Sajjangarh), Lesser-known ghats on Lake Pichola",Maharana Pratap Airport (Dabok),Udaipur City,"Dal Baati Churma, Mirchi vada, Mawa kachori",8.0,"['boat rides', 'heritage walks', 'palace tours', 'sunset viewpoints', 'udaipur']"
Kerala Backwaters (Alappuzha & Kumarakom),,,Attraction,4.3,0.0,2.0,Morning,kerala_backwaters___,https://placehold.co/800x600/png?text=Voyara,,,"Houseboat overnight stay, Canoe rides, Village walks, Bird watching","Smaller village-based homestays, Sunrise canoe rides in narrow canals",Cochin International Airport,Alappuzha / Kottayam,"Karimeen pollichathu, Meen curry, Appam with stew",8.0,"['bird watching', 'canoe rides', 'houseboat overnight stay', 'kerala backwaters (alappuzha & kumarakom)', 'village walks']"
Coorg (Kodagu),,,Attraction,4.3,0.0,2.0,Morning,coorg___,https://placehold.co/800x600/png?text=Voyara,,,"Plantation walks, Short treks, Elephant interaction (check ethics), Scooter/jeep tours","Smaller private waterfalls (with permission), Interior village trails",Kannur / Mangalore (via road),Mysuru / Hassan (by road connections),"Pandi curry (pork), Kadumbuttu (rice dumplings), Noolputtu",8.0,"['coorg (kodagu)', 'elephant interaction (check ethics)', 'plantation walks', 'scooter/jeep tours', 'short treks']"
Ziro Valley,,,Attraction,4.3,0.0,2.0,Morning,ziro_valley__,https://placehold.co/800x600/png?text=Voyara,,,"Village walks, Cultural immersion, Short hikes, Music festival attendance","Smaller village trails, Local bamboo bridges, Farmer-led experiences",Lilabari (Assam) / Donyi Polo (Itanagar),Naharlagun / North Lakhimpur (via road),"Local rice beer (for those who drink), Apatani smoked meat and vegetable dishes",8.0,"['cultural immersion', 'music festival attendance', 'short hikes', 'village walks', 'ziro valley']"
Mawlynnong & nearby (including Living Root Bridges region),,,Attraction,4.3,0.0,2.0,Morning,mawlynnong_and_nearby___,https://placehold.co/800x600/png?text=Voyara,,,"Village walks, Short treks, Viewpoint climbs, Nature photography","Less-visited root bridges, Quiet walking paths around the village",Shillong / Guwahati,Guwahati,"Jadoh (rice and meat dish where available), Local snacks and tea",8.0,"['mawlynnong & nearby (including living root bridges region)', 'nature photography', 'short treks', 'viewpoint climbs', 'village walks']"
Shimla,,,Attraction,4.3,0.0,2.0,Morning,shimla__,https://placehold.co/800x600/png?text=Voyara,,,"Leisure walks on Mall Road, Toy train ride, Temple visits, Short hikes, Snow activities in season (Kufri)","Heritage walk around Viceregal Lodge area, Less crowded viewpoints beyond main Ridge",Shimla Airport (Jubberhatti),Kalka (for toy train) / Shimla,"Siddu (local bread), Madra, Traditional Himachali thali",8.0,"['leisure walks on mall road', 'shimla', 'short hikes', 'snow activities in season (kufri)', 'temple visits', 'toy train ride']"
Dharamshala & McLeod Ganj,,,Attraction,4.3,0.0,2.0,Morning,dharamshala_and_mcleod_ganj__,https://placehold.co/800x600/png?text=Voyara,,,"Monastery visits, Short hikes, Triund day/overnight trek, Food and cafe hopping, Tibetan culture walks","Norbulingka Institute gardens, Small cafes with valley views, Quieter trails beyond Bhagsu",Kangra (Gaggal) Airport,Pathankot (major),"Tibetan momos, Thukpa, Tingmo, Local bakery items",8.0,"['dharamshala & mcleod ganj', 'food and cafe hopping', 'monastery visits', 'short hikes', 'tibetan culture walks', 'triund day/overnight trek']"
Manali,,,Attraction,4.3,0.0,2.0,Morning,manali__,https://placehold.co/800x600/png?text=Voyara,,,"Paragliding (in Solang, seasonal, weather-based), River rafting (in Kullu region, seasonal), Skiing/snow play near Rohtang or Solang in season, Short treks, Cafe-hopping","Villages around Old Manali and Vashisht, Less-crowded viewpoints along Beas",Kullu–Manali (Bhuntar) Airport,Joginder Nagar / Chandigarh (road connects),"Siddu, Trout fish (where available), Local thali",8.0,"['cafe-hopping', 'manali', 'paragliding (in solang', 'river rafting (in kullu region', 'seasonal', 'seasonal)', 'short treks', 'skiing/snow play near rohtang or solang in season', 'weather-based)']"
Tawang,,,Attraction,4.3,0.0,2.0,Morning,tawang__,https://placehold.co/800x600/png?text=Voyara,,,"Monastery visits, High-mountain drives, Short walks to lakes, War memorial visits","Smaller monasteries and villages around Tawang, Less-visited lakes off the main road (with local guidance)","Tezpur / Guwahati (Assam, by road)",Rangiya / Guwahati,"Thukpa, Momos, Simple local stews",7.0,"['high-mountain drives', 'monastery visits', 'short walks to lakes', 'tawang', 'war memorial visits']"
Spiti Valley,,,Attraction,4.3,0.0,2.0,Morning,spiti_valley__,https://placehold.co/800x600/png?text=Voyara,,,"Road trips, High-altitude village stays, Monastery visits, Trekking (short and multi-day), Stargazing","Remote villages like Langza, Hikkim, Komik, Non-touristy homestay experiences",Bhuntar (Kullu) / Shimla (via road),Joginder Nagar / Shimla (via road),"Momos, Thukpa, Butter tea, Local breads and lentil dishes",7.0,"['high-altitude village stays', 'monastery visits', 'road trips', 'spiti valley', 'stargazing', 'trekking (short and multi-day)']"
Pangong Lake (Pangong Tso),,,Attraction,4.3,0.0,2.0,Morning,pangong___,https://placehold.co/800x600/png?text=Voyara,,,"Lakeside walks, Photography, Simple camping or tent stays, Short hikes around villages","Less-crowded stretches of lake accessed by short walks, Small homestays back from main tent rows",Leh Kushok Bakula Rimpochee Airport,Jammu Tawi,"Simple thukpa, Momos, Tea and basic homely meals",8.0,"['lakeside walks', 'pangong lake (pangong tso)', 'photography', 'short hikes around villages', 'simple camping or tent stays']"
Munnar,,,Attraction,4.3,0.0,2.0,Morning,munnar__,https://placehold.co/800x600/png?text=Voyara,,,"Plantation walks, Viewpoint drives, Short treks, Boating at dams, Wildlife sighting (Eravikulam)","Less-visited plantations and village roads, Smaller waterfalls on side routes",Cochin International Airport,Aluva / Ernakulam (by road from Kochi),"Appam with stew, Kerala meals on banana leaf, Local fish curries (downhill areas)",8.0,"['boating at dams', 'munnar', 'plantation walks', 'short treks', 'viewpoint drives', 'wildlife sighting (eravikulam)']"
Kanyakumari,,,Attraction,4.3,0.0,2.0,Morning,kanyakumari__,https://placehold.co/800x600/png?text=Voyara,,,"Sunrise and sunset viewing, Ferry ride to Vivekananda Rock, Temple visits, Coastal walks, Photography","Early-morning beach walks near Sunrise Point, Less-crowded stretches of coastline beyond main ghat",Trivandrum International Airport,Kanyakumari,"South Indian tiffin items, Fresh coconut-based dishes, Local fish preparations (outside temple zones)",8.0,"['coastal walks', 'ferry ride to vivekananda rock', 'kanyakumari', 'photography', 'sunrise and sunset viewing', 'temple visits']"
"Rann of Kutch (White Desert, Dhordo)",,,Attraction,4.3,0.0,2.0,Morning,rann_of_kutch___,https://placehold.co/800x600/png?text=Voyara,,,"Sunrise and sunset walks on the salt desert, Cultural shows and folk performances, Camel cart rides, Shopping for local handicrafts","Quieter edges of the White Desert away from main tent-city access points, Small artisan villages producing textiles and embroidery",Bhuj Airport,Bhuj,"Gujarati thali, Local snacks like fafda, jalebi, Millet-based village dishes",8.0,"['camel cart rides', 'cultural shows and folk performances', 'rann of kutch (white desert, dhordo)', 'shopping for local handicrafts', 'sunrise and sunset walks on the salt desert']"
Dhanushkodi (Ghost Town & Beach),,,Attraction,4.3,0.0,2.0,Morning,dhanushkodi___,https://placehold.co/800x600/png?text=Voyara,,,"Beach walks, Exploring ruins (church, railway station remains), Jeep rides along sandy stretches (where allowed), Birdwatching","Less-visited stretches of beach away from main parking area, Remains of old railway and church structures in quieter corners",Madurai Airport,Rameswaram,"Simple South Indian meals in Rameswaram, Fresh seafood (where available and appropriate)",7.0,"['beach walks', 'birdwatching', 'dhanushkodi (ghost town & beach)', 'exploring ruins (church', 'jeep rides along sandy stretches (where allowed)', 'railway station remains)']"
Gokarna,,,Attraction,4.3,0.0,2.0,Morning,gokarna__,https://placehold.co/800x600/png?text=Voyara,,,"Beach hopping and trekking along coast, Swimming and sunbathing (conditions permitting), Temple visits, Cafe hopping and yoga retreats","Cliff-top viewpoints between Om and Half Moon beaches, Small, less-crowded stretches of Kudle and Om",Goa (Dabolim/MOPA) / Hubballi,Gokarna Road,"Local fish thali (for non-vegetarians), South Indian tiffin, Simple coastal curries",8.0,"['beach hopping and trekking along coast', 'cafe hopping and yoga retreats', 'gokarna', 'swimming and sunbathing (conditions permitting)', 'temple visits']"
Pondicherry (Puducherry),,,Attraction,4.3,0.0,2.0,Morning,pondicherry___,https://placehold.co/800x600/png?text=Voyara,,,"Cycling/walking in heritage streets, Beachfront walks, Café and restaurant visits, Ashram and Matrimandir (Auroville) visits","Quiet side-streets in White Town, Lesser-known cafes and art spaces",Puducherry (limited) / Chennai,Puducherry,"Crepes and baked goods in cafes, Fresh seafood at coastal restaurants, South Indian meals and filter coffee",8.0,"['ashram and matrimandir (auroville) visits', 'beachfront walks', 'café and restaurant visits', 'cycling/walking in heritage streets', 'pondicherry (puducherry)']"
Hampi,,,Attraction,4.3,0.0,2.0,Morning,hampi__,https://placehold.co/800x600/png?text=Voyara,,,"Heritage site touring by cycle, on foot or auto, Short hikes to viewpoints, Coracle rides in Tungabhadra (seasonal & local rules), Rock and boulder exploration","Sunrise from Matanga or Anjanadri Hill, Lesser-known ruins beyond main temple clusters",Jindal Vijayanagar Airport (Vidyanagar) / Hubballi,Hospet Junction,"South Indian tiffin, Simple local thalis",8.0,"['coracle rides in tungabhadra (seasonal & local rules)', 'hampi', 'heritage site touring by cycle', 'on foot or auto', 'rock and boulder exploration', 'short hikes to viewpoints']"
Araku Valley,,,Attraction,4.3,0.0,2.0,Morning,araku_valley__,https://placehold.co/800x600/png?text=Voyara,,,"Valley train ride, Viewpoint visiting, Coffee estate visits, Museum and cultural experiences","Small village walks off main market road, Less-known viewpoints on side roads",Visakhapatnam Airport,Araku (via scenic Vizag-Araku railway),"Andhra-style meals, Local bamboo chicken (where available), Valley-grown coffee",8.0,"['araku valley', 'coffee estate visits', 'museum and cultural experiences', 'valley train ride', 'viewpoint visiting']"
Havelock Island (Swaraj Dweep),,,Attraction,4.3,0.0,2.0,Morning,havelock_island___,https://placehold.co/800x600/png?text=Voyara,,,"Beach walks and sunset at Radhanagar, Snorkelling and scuba diving, Sea walking and other water sports (Elephant Beach), Cycling or scooty rides","Neil’s Cove lagoon at the far end of Radhanagar Beach.[web:216], Quieter stretches of Kalapathar Beach during early mornings",Port Blair (Veer Savarkar International Airport),None (island; access via ferry from Port Blair),"Fresh grilled seafood, Coconut-based curries, Island-style Indian and continental dishes",9.0,"['beach walks and sunset at radhanagar', 'cycling or scooty rides', 'havelock island (swaraj dweep)', 'sea walking and other water sports (elephant beach)', 'snorkelling and scuba diving']"
Neil Island (Shaheed Dweep),,,Attraction,4.3,0.0,2.0,Morning,neil_island___,https://placehold.co/800x600/png?text=Voyara,,,"Glass-bottom boat rides and snorkelling at Bharatpur.[web:220][web:223], Sunset viewing at Laxmanpur Beach.[web:220][web:223], Sunrise at Sitapur Beach and cycling around island.[web:220][web:223], Casual beach walks and photography","Quiet interior village roads ideal for cycling.[web:223], Less-crowded stretches of Laxmanpur away from main sunset point",Port Blair (via ferry),None (island; ferry access only),"Fresh fish curries, Bengali-style dishes at Neil Kendra.[web:223], Coconut-based sweets and snacks",9.0,"['casual beach walks and photography', 'glass-bottom boat rides and snorkelling at bharatpur.[web:220][web:223]', 'neil island (shaheed dweep)', 'sunrise at sitapur beach and cycling around island.[web:220][web:223]', 'sunset viewing at laxmanpur beach.[web:220][web:223]']"
Shillong,,,Attraction,4.3,0.0,2.0,Morning,s_ong__,https://placehold.co/800x600/png?text=Voyara,,,"City walks and cafes, Market shopping, Short drives to viewpoints and nearby falls","Local cafes and live-music venues, Quiet neighbourhood walks away from main market",Shillong Airport (Umroi) / Guwahati,Guwahati (major railhead),"Jadoh (rice and meat dish), Local pork preparations, Street snacks at markets",8.0,"['city walks and cafes', 'market shopping', 'shillong', 'short drives to viewpoints and nearby falls']"
Cherrapunji & Mawsmai Area (Sohra region),,,Attraction,4.3,0.0,2.0,Morning,cherrapunji_and_mawsmai_area___,https://placehold.co/800x600/png?text=Voyara,,,"Waterfall viewpoint visits, Cave walks (easy sections at Mawsmai), Short hikes to viewpoints, Monsoon rain experience (with care)","Less crowded viewpoints off main road, Small local homestays with valley views",Shillong Airport / Guwahati,Guwahati,"Jadoh and Khasi pork dishes, Local teas and snacks",8.0,"['cave walks (easy sections at mawsmai)', 'cherrapunji & mawsmai area (sohra region)', 'monsoon rain experience (with care)', 'short hikes to viewpoints', 'waterfall viewpoint visits']"
Dawki & Shnongpdeng,,,Attraction,4.3,0.0,2.0,Morning,dawki_and_shnongpdeng__,https://placehold.co/800x600/png?text=Voyara,,,"Crystal-clear river boating, Kayaking, snorkelling and cliff jumping with operators, Camping by riverside (seasonal), Short walks and suspension bridge views","Early-morning boat rides before crowds, Less busy camps slightly away from main Dawki bridge zone",Shillong Airport / Guwahati,Guwahati,"Simple rice and meat/fish thali from local eateries, Local tea and snacks",7.0,"['camping by riverside (seasonal)', 'crystal-clear river boating', 'dawki & shnongpdeng', 'kayaking', 'short walks and suspension bridge views', 'snorkelling and cliff jumping with operators']"
Krang Suri Falls,,,Attraction,4.3,0.0,2.0,Morning,krang_suri___,https://placehold.co/800x600/png?text=Voyara,,,"Guided swimming in designated safe area (with life jackets where allowed).[web:224], Photography from walkways and viewpoints.[web:224], Picnics and relaxation near falls",Early-morning visits with fewer crowds and best light.[web:224],Shillong Airport / Guwahati,Guwahati,Simple rice plates and snacks from local eateries,7.0,"['guided swimming in designated safe area (with life jackets where allowed).[web:224]', 'krang suri falls', 'photography from walkways and viewpoints.[web:224]', 'picnics and relaxation near falls']"
Rishikesh,,,Attraction,4.3,0.0,2.0,Morning,rishikesh__,https://placehold.co/800x600/png?text=Voyara,,,"Ganga Aarti participation, Yoga and meditation courses, River rafting and camping (seasonal), Cafe hopping with Ganga views","Quiet riverside ashrams away from main market, Small viewpoints on trails towards waterfalls like Neer Gaddu",Dehradun (Jolly Grant) Airport,Rishikesh / Haridwar (major),"Local thali, Street-side chaat, Cafe-style healthy bowls",8.0,"['cafe hopping with ganga views', 'ganga aarti participation', 'rishikesh', 'river rafting and camping (seasonal)', 'yoga and meditation courses']"
Haridwar,,,Attraction,4.3,0.0,2.0,Morning,haridwar__,https://placehold.co/800x600/png?text=Voyara,,,"Taking dips in Ganga at designated ghats, Attending evening Aarti, Temple visits, Shopping for religious items and sweets","Quieter ghats slightly away from Har Ki Pauri, Old city lanes with traditional shops",Dehradun (Jolly Grant) Airport,Haridwar Junction,"Kachori and puri-sabzi, Local sweets like peda and jalebi",8.0,"['attending evening aarti', 'haridwar', 'shopping for religious items and sweets', 'taking dips in ganga at designated ghats', 'temple visits']"
Amritsar,,,Attraction,4.3,0.0,2.0,Morning,amritsar__,https://placehold.co/800x600/png?text=Voyara,,,"Golden Temple darshan and langar, Evening border flag ceremony visit, Heritage and food walks in old city","Quiet corners of sarovar at off-peak hours, Small traditional eateries in old lanes","Sri Guru Ram Dass Jee International Airport, Amritsar",Amritsar Junction,"Amritsari kulcha, Chole bhature, Lassi, Amritsari fish (non-veg)",8.0,"['amritsar', 'evening border flag ceremony visit', 'golden temple darshan and langar', 'heritage and food walks in old city']"
Kanatal,,,Attraction,4.3,0.0,2.0,Morning,kanatal__,https://placehold.co/800x600/png?text=Voyara,,,"Easy hikes and village walks, Camping and bonfires (in season), Short drives to viewpoints","Forest trails around Kanatal ridge, Small homestays with valley-facing sit-outs",Dehradun (Jolly Grant) Airport,Rishikesh / Dehradun,"Garhwali dal and mandua-based dishes, Simple homely thalis",8.0,"['camping and bonfires (in season)', 'easy hikes and village walks', 'kanatal', 'short drives to viewpoints']"
Munsiyari,,,Attraction,4.3,0.0,2.0,Morning,munsiyari__,https://placehold.co/800x600/png?text=Voyara,,,"Day hikes and multi-day treks, Village walks, Birding and photography","Sunrise and sunset viewpoints around Khaliya Top ridge, Small local hot springs and village trails",Pantnagar (via long road journey),Kathgodam / Tanakpur,"Kumaoni dal–bhaat with seasonal greens, Local bhatt-based dishes",7.0,"['birding and photography', 'day hikes and multi-day treks', 'munsiyari', 'village walks']"
Chakrata,,,Attraction,4.3,0.0,2.0,Morning,chakrata__,https://placehold.co/800x600/png?text=Voyara,,,"Nature walks and birding at Deoban, Short treks to waterfalls and viewpoints, Camping and bonfires (in season)","Less-used forest paths around Deoban, Small homestays in villages around Chakrata",Dehradun (Jolly Grant) Airport,Dehradun,Simple hill thali and fresh seasonal vegetables,8.0,"['camping and bonfires (in season)', 'chakrata', 'nature walks and birding at deoban', 'short treks to waterfalls and viewpoints']"
Tadoba Andhari Tiger Reserve,,,Attraction,4.3,0.0,2.0,Morning,tadoba_andhari_tiger_reserve__,https://placehold.co/800x600/png?text=Voyara,,,"Jeep safaris, Boat safaris in some buffer waterbodies (subject to rules), Night drives in certain buffer zones (if permitted)","Less-visited gates with fewer vehicles but strong wildlife presence, Birding around wetland habitats",Nagpur Airport,Chandrapur / Nagpur,Spicy Maharashtrian sabzis and bhakri,9.0,"['boat safaris in some buffer waterbodies (subject to rules)', 'jeep safaris', 'night drives in certain buffer zones (if permitted)', 'tadoba andhari tiger reserve']"
Lakshadweep (Agatti–Bangaram–Kadmat circuit),,,Attraction,4.3,0.0,2.0,Morning,lakshadweep___,https://placehold.co/800x600/png?text=Voyara,,,"Snorkelling, scuba diving and kayaking in lagoons, Lagoon boat rides and reef walks, Beach relaxation and low-key cycling/walks","Uninhabited islets near Kalpeni such as Tilakkam, Pitti and Cheriyam (visited via authorised trips).[web:234], Quiet sunrise/sunset spots on narrow sand spits of Kadmat/Bangaram",Agatti Airport,None (island chain; access via flights/ships from Kochi),"Fresh fish fries and curries, Coconut-rich island dishes, Traditional Malabari-influenced snacks",9.0,"['beach relaxation and low-key cycling/walks', 'lagoon boat rides and reef walks', 'lakshadweep (agatti–bangaram–kadmat circuit)', 'scuba diving and kayaking in lagoons', 'snorkelling']"
Kalpeni Island (Lakshadweep),,,Attraction,4.3,0.0,2.0,Morning,kalpeni_island___,https://placehold.co/800x600/png?text=Voyara,,,"Kayaking, sailing and reef walks, Snorkelling and basic diving experiences (where offered), Beach walks and sunrise/sunset watching","Boat trips to close-by tiny islets with pristine sandbars.[web:234], Quiet night skies with minimal light pollution",Agatti Airport (via ship/boat connection),None; access via Kochi then ship/boat,"Island fish curries with coconut, Local snacks served at tourist huts",9.0,"['beach walks and sunrise/sunset watching', 'kalpeni island (lakshadweep)', 'kayaking', 'sailing and reef walks', 'snorkelling and basic diving experiences (where offered)']"
Kutch Interior Circuit (Bhuj–Mandvi–Villages),,,Attraction,4.3,0.0,2.0,Morning,kutch_interior_circuit___,https://placehold.co/800x600/png?text=Voyara,,,"Handicraft village visits and shopping, Beach walks at Mandvi, Short hikes/drives to viewpoints, Local food exploration","Lesser-known craft villages where you can watch artisans at work, Quiet stretches of Mandvi beach beyond main crowd",Bhuj Airport,Bhuj,"Gujarati thali, Kutchi Dabeli, Local sweets like mawa-based desserts",8.0,"['beach walks at mandvi', 'handicraft village visits and shopping', 'kutch interior circuit (bhuj–mandvi–villages)', 'local food exploration', 'short hikes/drives to viewpoints']"
Tamhini Ghat & Mulshi,,,Attraction,4.3,0.0,2.0,Morning,tamhini_ghat_and_mulshi__,https://placehold.co/800x600/png?text=Voyara,,,"Monsoon road trip and photography, Short roadside walks, Picnics at safe designated points","Less-known viewpoints along interior side roads, Quiet lakeside spots around Mulshi (respect private property)",Pune Airport,Pune Junction,"Maharashtrian veg and non-veg thalis, Bhakri with thecha and pitla",7.0,"['monsoon road trip and photography', 'picnics at safe designated points', 'short roadside walks', 'tamhini ghat & mulshi']"
Mahabaleshwar & Panchgani,,,Attraction,4.3,0.0,2.0,Morning,mahabaleshwar_and_panchgani__,https://placehold.co/800x600/png?text=Voyara,,,"Viewpoint drives, Boat rides, Horse riding at Venna/Table Land, Monsoon waterfall spotting on roadside","Less-visited viewpoints and forest walks off main tourist circuit, Small homestays tucked away from market area",Pune Airport,Wathar / Pune (main hub),"Strawberries with cream, Maharashtrian thali, Corn-based monsoon snacks",8.0,"['boat rides', 'horse riding at venna/table land', 'mahabaleshwar & panchgani', 'monsoon waterfall spotting on roadside', 'viewpoint drives']"
Chikmagalur,,,Attraction,4.3,0.0,2.0,Morning,chikmagalur__,https://placehold.co/800x600/png?text=Voyara,,,"Trekking to viewpoints (weather permitting), Estate walks and coffee experiences, Jeep rides to falls or peaks, Monsoon drives and photography","Smaller, less-commercial estates near foothills, Sunrise hikes to lesser-known viewpoints",Mangaluru / Bengaluru,Kaduru / Birur,"Karnataka vegetarian meals, Local chicken and mutton dishes in non-veg eateries, Fresh coffee at estate stays",8.0,"['chikmagalur', 'estate walks and coffee experiences', 'jeep rides to falls or peaks', 'monsoon drives and photography', 'trekking to viewpoints (weather permitting)']"
Amboli Ghat,,,Attraction,4.3,0.0,2.0,Morning,amboli_ghat__,https://placehold.co/800x600/png?text=Voyara,,,"Monsoon walks near viewpoints and falls, Nature photography, Specialist herping tours (with certified guides)","Less-frequented small waterfalls along ghat sections, Night walks with experts for macro/herp photography (only with permission and guides)",Belagavi / Goa (MOPA/Dabolim),Sawantwadi Road,"Kombdi vade and fish fry (for non-vegetarians), Simple Maharashtrian veg thali",7.0,"['amboli ghat', 'monsoon walks near viewpoints and falls', 'nature photography', 'specialist herping tours (with certified guides)']"
Agumbe & Western Ghats Rainforest Belt,,,Attraction,4.3,0.0,2.0,Morning,agumbe_and_western_ghats_rainforest_belt__,https://placehold.co/800x600/png?text=Voyara,,,"Forest treks with guides (permits as required), Monsoon and post-monsoon herping and macro photography, Village homestay experiences","Research-station guided walks where accessible, Less-commercial homestays deep in Ghats",Mangaluru Airport,Udupi / Shivamogga,"Local rice and sambar meals, Coastal-style fish (in non-veg homes)",7.0,"['agumbe & western ghats rainforest belt', 'forest treks with guides (permits as required)', 'monsoon and post-monsoon herping and macro photography', 'village homestay experiences']"
Kudremukh & Surrounding Ghats,,,Attraction,4.3,0.0,2.0,Morning,kudremukh_and_surrounding_ghats__,https://placehold.co/800x600/png?text=Voyara,,,"Full-day guided treks to Kudremukh peak (with permits), Shorter hikes and stream visits, Birding and nature walks","Smaller peaks and trails in buffer area, Homestays in villages like Mullodi that serve as trek bases",Mangaluru Airport,Mangalore Junction,"Simple rice–sambar meals, Local vegetable preparations",8.0,"['birding and nature walks', 'full-day guided treks to kudremukh peak (with permits)', 'kudremukh & surrounding ghats', 'shorter hikes and stream visits']"
Port Blair & Nearby Islands,,,Attraction,4.3,0.0,2.0,Morning,port_blair_and_nearby_islands__,https://placehold.co/800x600/png?text=Voyara,,,"Historical tours, Short island-hopping by boat, Local food and market walks, Intro glass-bottom or snorkelling excursions","Small cafes and eateries overlooking harbour, Less-known viewpoints on nearby hills","Veer Savarkar International Airport, Port Blair",None,"Seafood thalis, South Indian breakfasts, Local-style fish curries",9.0,"['historical tours', 'intro glass-bottom or snorkelling excursions', 'local food and market walks', 'port blair & nearby islands', 'short island-hopping by boat']"
Darjeeling,,,Attraction,4.3,0.0,2.0,Morning,darjeeling__,https://placehold.co/800x600/png?text=Voyara,,,"Toy train joyrides, Tea estate tours, Short walks and viewpoints, Monastery visits","Smaller tea gardens that allow slower, less commercial visits, Quiet walks towards nearby villages away from main market",Bagdogra Airport (Siliguri),New Jalpaiguri (NJP),"Momos and thukpa, Darjeeling tea at source, Local Nepali dishes",8.0,"['darjeeling', 'monastery visits', 'short walks and viewpoints', 'tea estate tours', 'toy train joyrides']"
Gangtok & East Sikkim,,,Attraction,4.3,0.0,2.0,Morning,gangtok_and_east_sikkim__,https://placehold.co/800x600/png?text=Voyara,,,"City walks and cafe-hopping, Day trips to Tsomgo Lake and Nathu La (if open), Monastery and viewpoint visits","Less-touristed monasteries and viewpoints around outskirts, Local bakeries and small eateries off MG Marg",Pakyong (limited operations) / Bagdogra,New Jalpaiguri (NJP),"Thukpa and momos, Gundruk-based dishes, Local teas and bakery items",9.0,"['city walks and cafe-hopping', 'day trips to tsomgo lake and nathu la (if open)', 'gangtok & east sikkim', 'monastery and viewpoint visits']"
North Sikkim (Lachung–Lachen Belt),,,Attraction,4.3,0.0,2.0,Morning,north_sikkim___,https://placehold.co/800x600/png?text=Voyara,,,"Scenic drives and short walks, Valley and snowfield photography, Local homestay experiences","Quiet homestay lanes away from main hotel clusters, Less-touristed rhododendron patches depending on bloom",Bagdogra / Pakyong (via Gangtok),New Jalpaiguri (via Gangtok),"Thukpa and momos, Simple rice and curry sets at homestays",7.0,"['local homestay experiences', 'north sikkim (lachung–lachen belt)', 'scenic drives and short walks', 'valley and snowfield photography']"
Meghalaya (Shillong–Cherrapunji–Mawlynnong circuit),,,Attraction,4.3,0.0,2.0,Morning,meghalaya___,https://placehold.co/800x600/png?text=Voyara,,,"Waterfall viewing and short hikes, Root-bridge treks (moderate difficulty), Boating on Umngot River at Dawki (seasonal clarity), Cave exploration with local guides","Quieter villages and root bridges beyond most visited spots, Lesser-known viewpoints and short trails near Sohra","Shillong (Umroi, limited) / Guwahati",Guwahati,"Jadoh (rice and meat dish), Smoked meats and local chutneys, Shillong street and cafe food",8.0,"['boating on umngot river at dawki (seasonal clarity)', 'cave exploration with local guides', 'meghalaya (shillong–cherrapunji–mawlynnong circuit)', 'root-bridge treks (moderate difficulty)', 'waterfall viewing and short hikes']"
Kaziranga National Park & Assam Tea Belt,,,Attraction,4.3,0.0,2.0,Morning,kaziranga_and_assam_tea_belt__,https://placehold.co/800x600/png?text=Voyara,,,"Morning and afternoon safaris in different ranges, Birding, Village and tea-garden visits","Less-visited safari ranges with fewer vehicles, Small, charming tea bungalows near park buffers",Guwahati Airport / Jorhat Airport,Furkating / Guwahati,"Assamese thali with fish or meat, Pitha and local sweets, Freshly brewed Assam tea",9.0,"['birding', 'kaziranga national park & assam tea belt', 'morning and afternoon safaris in different ranges', 'village and tea-garden visits']"
Khajuraho & Panna National Park,,,Attraction,4.3,0.0,2.0,Morning,khajuraho_and_panna___,https://placehold.co/800x600/png?text=Voyara,,,"Temple sightseeing and guided tours, Jeep safaris in Panna, Ken River boat rides (where allowed), Village and craft visits","Less-visited temple groups beyond main Western Group, Quiet viewpoints along Ken River",Khajuraho Airport,Khajuraho / Satna,"Simple MP-style thalis, Local sweets from small shops",9.0,"['jeep safaris in panna', 'ken river boat rides (where allowed)', 'khajuraho & panna national park', 'temple sightseeing and guided tours', 'village and craft visits']"
Orchha & Nearby Betwa Landscapes,,,Attraction,4.3,0.0,2.0,Morning,orchha_and_nearby_betwa_landscapes__,https://placehold.co/800x600/png?text=Voyara,,,"Fort and temple sightseeing, Sunset photography near chhatris, Short walks and easy cycling, Seasonal light adventure on river","Viewpoints across Betwa with skyline of chhatris, Less-visited small temples and village lanes",Gwalior Airport / Khajuraho (farther),Jhansi Junction,"Street-side chai and snacks by the market, Simple veg thali at dhabas",9.0,"['fort and temple sightseeing', 'orchha & nearby betwa landscapes', 'seasonal light adventure on river', 'short walks and easy cycling', 'sunset photography near chhatris']"
Almora & Kasar Devi Belt,,,Attraction,4.3,0.0,2.0,Morning,almora_and_kasar_devi_belt__,https://placehold.co/800x600/png?text=Voyara,,,"Town and bazaar walks, Ridge walks around Kasar Devi, Short drives to viewpoints and Binsar gate","Quiet village homestays above/below main ridge, Sunrise and sunset points near Kasar Devi away from crowds",Pantnagar Airport,Kathgodam,"Bhatt ki churkani and other Kumaoni dals, Bal mithai and singauri, Simple homely thalis",8.0,"['almora & kasar devi belt', 'ridge walks around kasar devi', 'short drives to viewpoints and binsar gate', 'town and bazaar walks']"
Jibhi & Tirthan Valley,,,Attraction,4.3,0.0,2.0,Morning,jibhi_and_tirthan_valley__,https://placehold.co/800x600/png?text=Voyara,,,"Village and forest walks, Short treks to waterfalls and viewpoints, Riverside camping and bonfires (in season)","Smaller hamlets beyond main Jibhi market, Offbeat stays nearer GHNP entry",Kullu (Bhuntar) Airport,Chandigarh,"Siddu and other Himachali dishes, Local rajma (kidney beans) preparations",8.0,"['jibhi & tirthan valley', 'riverside camping and bonfires (in season)', 'short treks to waterfalls and viewpoints', 'village and forest walks']"
Chitkul & Baspa Valley,,,Attraction,4.3,0.0,2.0,Morning,chitkul_and_baspa_valley__,https://placehold.co/800x600/png?text=Voyara,,,"Village walks and riverside strolls, Short hikes to meadows, Photography of peaks and traditional houses","Homestays slightly away from main road, Low-key trails along river and fields",Shimla / Kullu (Bhuntar),Shimla (narrow gauge) / Kalka,"Rajma-chawal with local beans, Simple homely curries",7.0,"['chitkul & baspa valley', 'photography of peaks and traditional houses', 'short hikes to meadows', 'village walks and riverside strolls']"
Miyar Valley,,,Attraction,4.3,0.0,2.0,Morning,miyar_valley__,https://placehold.co/800x600/png?text=Voyara,,,"Multi-day treks and camping, High-altitude photography, Exploration of side valleys with guides","Wildflower-filled meadows in summer, Tiny hamlets with very basic homestays",Kullu (Bhuntar) / Leh (farther),Joginder Nagar / Chandigarh,"Simple lentil–rice meals, Local breads when available",6.0,"['exploration of side valleys with guides', 'high-altitude photography', 'miyar valley', 'multi-day treks and camping']"
Keoladeo National Park (Bharatpur Bird Sanctuary),,,Attraction,4.3,0.0,2.0,Morning,keoladeo___,https://placehold.co/800x600/png?text=Voyara,,,"Birdwatching by cycle, on foot or cycle-rickshaw, Guided naturalist tours, Nature photography","Early-morning and late-evening walks with fewer visitors, Inner tracks where mammals like nilgai and jackal may be seen",Agra Airport / Delhi Airport (farther),Bharatpur Junction,"Rajasthani-style thali at dhabas, Local sweets from town",9.0,"['birdwatching by cycle', 'guided naturalist tours', 'keoladeo national park (bharatpur bird sanctuary)', 'nature photography', 'on foot or cycle-rickshaw']"
Ranganathittu Bird Sanctuary,,,Attraction,4.3,0.0,2.0,Morning,ranganathittu_bird___,https://placehold.co/800x600/png?text=Voyara,,,"Boat safaris with guides, Birdwatching from banks, Short walks and picnics","Early-morning boat rides with fewer visitors, Off-peak weekday visits during breeding season",Mysuru / Bengaluru,Srirangapatna / Mysuru,Mysuru-style meals in city after visit,9.0,"['birdwatching from banks', 'boat safaris with guides', 'ranganathittu bird sanctuary', 'short walks and picnics']"
Nal Sarovar Bird Sanctuary,,,Attraction,4.3,0.0,2.0,Morning,nal_sarovar_bird___,https://placehold.co/800x600/png?text=Voyara,,,"Boat rides with local boatmen, Birdwatching and photography, Short walks on islets where allowed","Early starts to catch sunrise and bird activity before crowd arrival, Exploring slightly farther islets with fewer boats (within regulations)",Ahmedabad Airport,Ahmedabad / Viramgam,Gujarati snacks and tea at local stalls,9.0,"['birdwatching and photography', 'boat rides with local boatmen', 'nal sarovar bird sanctuary', 'short walks on islets where allowed']"
Great Rann of Kutch (White Desert),,,Attraction,4.3,0.0,2.0,Morning,great_rann_of_kutch___,https://placehold.co/800x600/png?text=Voyara,,,"Sunset/sunrise walks on salt flats, Cultural performances and handicraft bazaars (during festival), Camel carts and simple desert activities, Short trips to Mandvi coast and local villages","Quieter stretches of the white desert away from main sunset crowd (within permitted zones), Small artisan villages in Kutch for textiles and embroidery",Bhuj Airport,Bhuj,"Gujarati thali with local farsan, Kutch dabeli and snacks, Traditional bajra rotla with ghee",9.0,"['camel carts and simple desert activities', 'cultural performances and handicraft bazaars (during festival)', 'great rann of kutch (white desert)', 'short trips to mandvi coast and local villages', 'sunset/sunrise walks on salt flats']"
Jaisalmer & Thar Desert Dunes,,,Attraction,4.3,0.0,2.0,Morning,jaisalmer_and_thar_desert_dunes__,https://placehold.co/800x600/png?text=Voyara,,,"Camel and jeep safaris in dunes, Overnight desert camping, Fort and old-town heritage walks","Quieter dunes beyond the most crowded Sam belt, Smaller havelis and lanes away from main bazaar",Jaisalmer Airport (seasonal flights) / Jodhpur,Jaisalmer,"Dal baati churma, Ker sangri, Local sweets like ghevar and mawa",9.0,"['camel and jeep safaris in dunes', 'fort and old-town heritage walks', 'jaisalmer & thar desert dunes', 'overnight desert camping']"
Maravanthe & Karnataka Offbeat Coast,,,Attraction,4.3,0.0,2.0,Morning,maravan_and_karnataka_offbeat_coast__,https://placehold.co/800x600/png?text=Voyara,,,"Scenic drives and photo stops, Beach walks and simple village visits, Backwater and boat experiences in nearby areas","Kodi Beach near Kundapura for peaceful sunsets, Small homestays away from the main highway",Mangaluru Airport,Kundapura / Byndoor,"Fish gassi with neer dosa, Udupi-style vegetarian meals",8.0,"['backwater and boat experiences in nearby areas', 'beach walks and simple village visits', 'maravanthe & karnataka offbeat coast', 'scenic drives and photo stops']"
Astaranga & Ramachandi Beaches (Odisha Quiet Coast),,,Attraction,4.3,0.0,2.0,Morning,astaranga_and_ramachandi_es___,https://placehold.co/800x600/png?text=Voyara,,,"Quiet beach walks and photography, Watching fishing boats and village life, Combining with temple and heritage visits nearby","Less-frequented stretches of Astaranga beyond main access points, Morning hours when fishing activity is high but tourists are few",Bhubaneswar Airport,Puri / Bhubaneswar,"Fresh fish curries from local shacks, Odia sweets from nearby towns",8.0,"['astaranga & ramachandi beaches (odisha quiet coast)', 'combining with temple and heritage visits nearby', 'quiet beach walks and photography', 'watching fishing boats and village life']"
Unakoti & North Tripura Heritage Belt,,,Attraction,4.3,0.0,2.0,Morning,unakoti_and_north_tripura_heritage_belt__,https://placehold.co/800x600/png?text=Voyara,,,"Heritage walks around sculptures, Short hikes and photography, Village visits as part of North East circuits","Quieter viewpoints along the steps and pathways beyond main cluster, Nearby villages with traditional Tripuri life",Agartala Airport (Maharaja Bir Bikram),Kailashahar / Kumarghat (broad-gauge access),"Simple fish and rice plates at local eateries, Regional snacks available in small shops",8.0,"['heritage walks around sculptures', 'short hikes and photography', 'unakoti & north tripura heritage belt', 'village visits as part of north east circuits']"
Mamallapuram (Mahabalipuram) & Coromandel Heritage Coast,,,Attraction,4.3,0.0,2.0,Morning,mamallapuram_and_coromandel_heritage_coast__,https://placehold.co/800x600/png?text=Voyara,,,"Heritage walks among rock-cut temples, Beach time on Coromandel coast, Short drives to DakshinaChitra and nearby attractions","Less-visited boulder clusters and shrines beyond main ticketed zone, Quieter stretches of ECR beaches on either side of town",Chennai International Airport,Chengalpattu / Chennai,"South Indian seafood curries, Filter coffee and tiffin items",9.0,"['beach time on coromandel coast', 'heritage walks among rock-cut temples', 'mamallapuram (mahabalipuram) & coromandel heritage coast', 'short drives to dakshinachitra and nearby attractions']"
Hidden Goa Coves (Butterfly & Nearby Beaches),,,Attraction,4.3,0.0,2.0,Morning,hidden_goa_coves___,https://placehold.co/800x600/png?text=Voyara,,,"Boat trips or treks to hidden coves, Beach lounging and photography, Dolphin-spotting rides (regulated in some seasons)","Early-morning visits to Butterfly and similar coves before boats arrive, Short hill trails connecting viewpoints above the sea",Goa International (Dabolim) / MOPA (North Goa),Canacona (for Palolem area),"Goan fish curry-rice, Seafood grills at nearby main beaches",8.0,"['beach lounging and photography', 'boat trips or treks to hidden coves', 'dolphin-spotting rides (regulated in some seasons)', 'hidden goa coves (butterfly & nearby beaches)']"
Bangaram & Kadmat Islands (Lakshadweep Quiet Beaches),,,Attraction,4.3,0.0,2.0,Morning,bangaram_and_kadmat_islands___,https://placehold.co/800x600/png?text=Voyara,,,"Snorkelling and scuba (within regulations), Kayaking and lagoon swims, Beach walks and stargazing","Less frequented parts of lagoon away from main jetties, Night skies with minimal light pollution",Agatti Airport (Lakshadweep),None (islands accessed by air/ship),"Fresh fish and coconut-based curries, Local snacks made from coconut and flour",9.0,"['bangaram & kadmat islands (lakshadweep quiet beaches)', 'beach walks and stargazing', 'kayaking and lagoon swims', 'snorkelling and scuba (within regulations)']"
Malanad–Malabar Backwater & Rural Belt,,,Attraction,4.3,0.0,2.0,Morning,malanad_malabar_backwater_and_rural_belt__,https://placehold.co/800x600/png?text=Voyara,,,"Backwater and river cruising, Village walks and homestays, Temple visits and cultural interactions","Small village jetties and local ferries, Homestays participating in rural circuit programmes",Mangaluru / Kannur International Airport,"Various coastal stations (e.g., Kasargod, Kannur)","Malabar fish curry, Appam with stew, Local coastal snacks like pathiri variants",9.0,"['backwater and river cruising', 'malanad–malabar backwater & rural belt', 'temple visits and cultural interactions', 'village walks and homestays']"
Krishna Heritage Circuit (Mathura–Vrindavan–Dwarka Focus),,,Attraction,4.3,0.0,2.0,Morning,krishna_heritage_circuit___,https://placehold.co/800x600/png?text=Voyara,,,"Temple darshans and aartis, Heritage walks in old temple towns, Participation in festivals and kirtans","Smaller ashrams and older shrines away from main temple queues, Quieter ghats visited early morning or late evening","Multiple gateways (Delhi for Mathura–Vrindavan, Jamnagar/Rajkot for Dwarka)",Mathura Junction / Vrindavan branch / Dwarka,"Mathura peda and lassi, Simple satvik thalis, Local farsan and snacks in Gujarat nodes",8.0,"['heritage walks in old temple towns', 'krishna heritage circuit (mathura–vrindavan–dwarka focus)', 'participation in festivals and kirtans', 'temple darshans and aartis']"
Rishikesh & Haridwar (Himalayan Yoga Route),,,Attraction,4.3,0.0,2.0,Morning,rishikesh_and_haridwar___,https://placehold.co/800x600/png?text=Voyara,,,"Yoga classes and retreats, Evening Ganga Aarti, White-water rafting (seasonal), Temple and ashram visits","Small ashrams upriver from main town ghats, Quiet morning walks on less-crowded river stretches",Dehradun (Jolly Grant) Airport,Haridwar Junction / Rishikesh,"Simple ashram thalis, Street-side chole–bhature and lassi in Haridwar",9.0,"['evening ganga aarti', 'rishikesh & haridwar (himalayan yoga route)', 'temple and ashram visits', 'white-water rafting (seasonal)', 'yoga classes and retreats']"
Varanasi Ganga Ghats Pilgrimage,,,Attraction,4.3,0.0,2.0,Morning,varanasi_ganga_ghats_pilgrimage__,https://placehold.co/800x600/png?text=Voyara,,,"Sunrise and sunset boat rides, Walking tours of lanes and ghats, Temple darshans and ritual observance","Less-crowded southern ghats near Assi in early morning, Small akharas and temples tucked inside alleys",Varanasi (Lal Bahadur Shastri) Airport,Varanasi Junction / Banaras,"Banarasi paan, Kachori–sabzi and jalebi breakfast, Lassi from traditional shops",8.0,"['sunrise and sunset boat rides', 'temple darshans and ritual observance', 'varanasi ganga ghats pilgrimage', 'walking tours of lanes and ghats']"
Bodh Gaya Buddhist Circuit Hub,,,Attraction,4.3,0.0,2.0,Morning,bodh_gaya_buddhist_circuit_hub__,https://placehold.co/800x600/png?text=Voyara,,,"Meditation and retreats, Temple circumambulation and puja, Visits to nearby Buddhist sites in the circuit","Quiet predawn and late-night meditation times at temple complex (when permitted), Smaller monasteries representing different Buddhist traditions",Gaya Airport,Gaya Junction,"Simple thalis at pilgrim restaurants, Tea and snacks at monastery canteens",8.0,"['bodh gaya buddhist circuit hub', 'meditation and retreats', 'temple circumambulation and puja', 'visits to nearby buddhist sites in the circuit']"
Rameswaram & Pamban Coast (Sacred Water Walk),,,Attraction,4.3,0.0,2.0,Morning,rameswaram_and_pamban_coast___,https://placehold.co/800x600/png?text=Voyara,,,"Temple darshans and ritual baths at designated wells/ghats, Walks along sea and bridge viewpoints, Short drives to Dhanushkodi ruins and beaches","Early‑morning temple visits before crowds build, Quiet stretches of coast near Dhanushkodi on non‑holiday weekdays",Madurai Airport,Rameswaram,"South Indian filter coffee, Temple‑town vegetarian meals",9.0,"['rameswaram & pamban coast (sacred water walk)', 'short drives to dhanushkodi ruins and beaches', 'temple darshans and ritual baths at designated wells/ghats', 'walks along sea and bridge viewpoints']"
Hampi & Pattadakal (UNESCO Vijayanagara–Chalukya Circuit),,,Attraction,4.3,0.0,2.0,Morning,hampi_and_pattadakal___,https://placehold.co/800x600/png?text=Voyara,,,"Guided heritage walks and cycling, Sunrise/sunset viewpoints over boulder landscapes, Day trips linking Hampi with Pattadakal–Badami–Aihole","Less‑visited shrines and river‑side ghats in Hampi, Smaller structures in Aihole with early experimentation",Hubballi / Ballari (regional),Hosapete (for Hampi) / Badami (for Pattadakal),"South Indian tiffin at local eateries, Special vegetarian thalis",9.0,"['day trips linking hampi with pattadakal–badami–aihole', 'guided heritage walks and cycling', 'hampi & pattadakal (unesco vijayanagara–chalukya circuit)', 'sunrise/sunset viewpoints over boulder landscapes']"
Gulmarg (Kashmir Ski & Snow Destination),,,Attraction,4.3,0.0,2.0,Morning,gulmarg___,https://placehold.co/800x600/png?text=Voyara,,,"Skiing and snowboarding (varied difficulty), Snow play and sledging, Gondola rides for vistas and high‑altitude access","Off‑piste runs for advanced skiers with guides, Quieter snow meadows away from main crowd belts",Srinagar Airport,Srinagar/Udhampur (via road),"Kashmiri wazwan dishes (mostly in Srinagar), Noon chai and kahwa",7.0,"['gondola rides for vistas and high‑altitude access', 'gulmarg (kashmir ski & snow destination)', 'skiing and snowboarding (varied difficulty)', 'snow play and sledging']"
Auli (Garhwal Ski & Snow Resort),,,Attraction,4.3,0.0,2.0,Morning,auli___,https://placehold.co/800x600/png?text=Voyara,,,"Skiing lessons and guided runs, Snow play and simple sledding, Short treks and viewpoint walks","Quiet slope segments early in the day, Nearby viewpoints away from main lift lines",Dehradun (Jolly Grant) Airport,Rishikesh / Haridwar,"Garhwali dishes like aloo ke gutke, Simple hot pahadi meals in cold weather",8.0,"['auli (garhwal ski & snow resort)', 'short treks and viewpoint walks', 'skiing lessons and guided runs', 'snow play and simple sledding']"
Tiruvannamalai & Arunachala (Inner Fire Journey),,,Attraction,4.3,0.0,2.0,Morning,tiruvannamalai_and_arunachala___,https://placehold.co/800x600/png?text=Voyara,,,"Temple darshans and aartis, Meditation and satsangs at ashrams, Hill circumambulation walk (14–15 km)","Quieter ashrams and satsang venues beyond main centres, Predawn or late‑night girivalam on non‑festival days (with safety in mind)",Chennai Airport,Tiruvannamalai,"Simple South Indian meals, Filter coffee in local tiffin shops",8.0,"['hill circumambulation walk (14–15 km)', 'meditation and satsangs at ashrams', 'temple darshans and aartis', 'tiruvannamalai & arunachala (inner fire journey)']"
Amarkantak Nature–Spiritual Loop,,,Attraction,4.3,0.0,2.0,Morning,amarkantak_nature_spiritual_loop__,https://placehold.co/800x600/png?text=Voyara,,,"Temple and river‑source visits, Short hikes to falls and forest viewpoints, Meditation and ashram stays","Less‑visited streams and smaller shrines in forested areas, Off‑peak weekday walks along river‑source paths",Jabalpur / Raipur (farther),Pendra Road / Anuppur,Simple thalis at local dhabas,8.0,"['amarkantak nature–spiritual loop', 'meditation and ashram stays', 'short hikes to falls and forest viewpoints', 'temple and river‑source visits']"
Haridwar–Rishikesh–Char Dham Spiritual Trail (Meta‑Circuit Node),,,Attraction,4.3,0.0,2.0,Morning,haridwar_rishikesh_char_dham_spiritual_trail___,https://placehold.co/800x600/png?text=Voyara,,,"Short local darshans and Ganga Aarti, Start/end‑point rituals for longer yatras, Booking and orientation for hill pilgrimages","Small family‑run dharamshalas favoured by repeat pilgrims, Off‑season quiet days on selected ghats",Dehradun (Jolly Grant) Airport,Haridwar Junction / Rishikesh,"Simple bhojanalay thalis, Street chaat and sweets before/after yatra",8.0,"['booking and orientation for hill pilgrimages', 'haridwar–rishikesh–char dham spiritual trail (meta‑circuit node)', 'short local darshans and ganga aarti', 'start/end‑point rituals for longer yatras']"
